ASXCode,CompanyName,GICsIndustryGroup
14D,1414 Degrees Limited,Capital Goods
1AD,Adalta Limited,"Pharmaceuticals, Biotechnology & Life Sciences"
1AE,Aurora Energy Metals Limited,Materials
1AG,Alterra Limited,"Food, Beverage & Tobacco"
1CG,One Click Group Limited,Capital Goods
1MC,Morella Corporation Limited,Materials
1ST,1St Group Limited,Health Care Equipment & Services
1VG,Victory Goldfields Limited,Materials
29M,29Metals Limited,Materials
2BE,Tubi Limited,Energy
360,Life360 Inc.,Software & Services
3DA,Amaero International Ltd,Capital Goods
3DP,Pointerra Limited,Software & Services
3MF,3D Metalforge Limited,Commercial & Professional Services
3PL,3P Learning Limited..,Consumer Services
4DS,4Ds Memory Limited,Semiconductors & Semiconductor Equipment
4DX,4Dmedical Limited,Health Care Equipment & Services
5EA,5E Advanced Materials Inc.,Materials
5GG,Pentanet Limited,Telecommunication Services
88E,88 Energy Limited,Energy
8CO,8Common Limited,Software & Services
8IH,8I Holdings Ltd,Diversified Financials
8VI,8Vi Holdings Limited,Consumer Services
92E,92 Energy Limited,Energy
99L,99 Loyalty Limited.,Software & Services
9SP,9 Spokes International Limited,Software & Services
A11,Atlantic Lithium Limited,Materials
A1G,African Gold Ltd.,Materials
A1M,Aic Mines Limited,Materials
A2B,A2B Australia Limited,Transportation
A2M,The A2 Milk Company Limited,"Food, Beverage & Tobacco"
A3D,Aurora Labs Limited,Capital Goods
A4N,Alpha Hpa Limited,Materials
A8G,Australasian Metals Limited,Materials
AAC,Australian Agricultural Company Limited.,"Food, Beverage & Tobacco"
AAJ,Aruma Resources Limited,Materials
AAP,Australian Agricultural Projects Limited,"Food, Beverage & Tobacco"
AAR,Astral Resources Nl,Materials
AAU,Antilles Gold Limited,Materials
ABA,Auswide Bank Ltd,Banks
ABB,Aussie Broadband Limited,Telecommunication Services
ABC,Adbri Limited,Materials
ABE,Australian Bond Exchange Holdings Limited,Diversified Financials
ABP,Abacus Property Group,Real Estate
ABV,Advanced Braking Technology Ltd,Automobiles & Components
ABX,Abx Group Limited,Materials
ABY,Adore Beauty Group Limited,Retailing
AC8,Auscann Group Holdings Ltd,"Pharmaceuticals, Biotechnology & Life Sciences"
ACB,A-Cap Energy Limited,Energy
ACF,Acrow Formwork And Construction Services Limited,Capital Goods
ACL,Australian Clinical Labs Limited,Health Care Equipment & Services
ACP,Audalia Resources Limited,Materials
ACQ,Acorn Capital Investment Fund Limited,Not Applic
ACR,Acrux Limited,"Pharmaceuticals, Biotechnology & Life Sciences"
ACS,Accent Resources Nl,Materials
ACU,Acumentis Group Limited,Real Estate
ACW,Actinogen Medical Limited,"Pharmaceuticals, Biotechnology & Life Sciences"
AD1,Ad1 Holdings Limited,Media & Entertainment
AD8,Audinate Group Limited,Technology Hardware & Equipment
ADA,Adacel Technologies Limited,Software & Services
ADD,Adavale Resources Limited,Energy
ADG,Adelong Gold Limited,Materials
ADH,Adairs Limited,Retailing
ADN,Andromeda Metals Limited,Materials
ADO,Anteotech Ltd,"Pharmaceuticals, Biotechnology & Life Sciences"
ADR,Adherium Limited,Health Care Equipment & Services
ADS,Adslot Ltd.,Software & Services
ADT,Adriatic Metals Plc,Materials
ADV,Ardiden Ltd,Materials
ADX,Adx Energy Ltd,Energy
ADY,Admiralty Resources Nl.,Materials
AE1,Aerison Group Ltd,Capital Goods
AEE,Aura Energy Limited,Energy
AEF,Australian Ethical Investment Limited,Diversified Financials
AEI,Aeris Environmental Ltd,Commercial & Professional Services
AEN,Aeramentum Resources Limited,Materials
AER,Aeeris Ltd,Media & Entertainment
AEV,Avenira Limited,Materials
AFA,Asf Group Limited,Diversified Financials
AFG,Australian Finance Group Ltd,Banks
AFI,Australian Foundation Investment Company Limited,Not Applic
AFL,Af Legal Group Ltd,Commercial & Professional Services
AFP,Aft Pharmaceuticals Limited,"Pharmaceuticals, Biotechnology & Life Sciences"
AFW,Applyflow Limited,Media & Entertainment
AGC,Australian Gold And Copper Ltd,Materials
AGD,Austral Gold Limited,Materials
AGE,Alligator Energy Limited,Energy
AGG,Anglogold Ashanti Limited,Materials
AGH,Althea Group Holdings Limited,"Pharmaceuticals, Biotechnology & Life Sciences"
AGI,Ainsworth Game Technology Limited,Consumer Services
AGL,Agl Energy Limited.,Utilities
AGN,Argenica Therapeutics Limited,"Pharmaceuticals, Biotechnology & Life Sciences"
AGR,Aguia Resources Limited,Materials
AGY,Argosy Minerals Limited,Materials
AHC,Austco Healthcare Limited,Health Care Equipment & Services
AHF,Australian Dairy Nutritionals Group,"Food, Beverage & Tobacco"
AHI,Advanced Human Imaging Ltd,Software & Services
AHK,Ark Mines Limited,Materials
AHL,Adrad Holdings Limited,Automobiles & Components
AHN,Athena Resources Limited,Materials
AHQ,Allegiance Coal Limited,Materials
AHX,Apiam Animal Health Limited,Health Care Equipment & Services
AIA,Auckland International Airport Limited,Transportation
AIB,Aurora Global Income Trust,Not Applic
AII,Almonty Industries Inc.,Materials
AIM,Ai-Media Technologies Limited,Commercial & Professional Services
AIQ,Alternative Investment Trust,Not Applic
AIS,Aeris Resources Limited,Materials
AIV,Activex Limited,Materials
AIZ,Air New Zealand Limited,Transportation
AJJ,Asian American Medical Group Limited,Health Care Equipment & Services
AJL,Aj Lucas Group Limited,Capital Goods
AJQ,Armour Energy Limited,Energy
AJX,Alexium International Group Limited,Materials
AJY,Asaplus Resources Limited,Materials
AKE,Allkem Limited,Materials
AKG,Academies Australasia Group Limited,Consumer Services
AKL,Auckland Real Estate Trust,Real Estate
AKM,Aspire Mining Limited,Materials
AKN,Auking Mining Limited,Materials
AKO,Akora Resources Limited,Materials
AKP,Audio Pixels Holdings Limited,Consumer Durables & Apparel
AL3,Aml3D Limited,Capital Goods
AL8,Alderan Resources Limited,Materials
ALA,Arovella Therapeutics Limited,"Pharmaceuticals, Biotechnology & Life Sciences"
ALB,Albion Resources Limited,Materials
ALC,Alcidion Group Limited,Health Care Equipment & Services
ALD,Ampol Limited,Energy
ALG,Ardent Leisure Group Limited,Consumer Services
ALI,Argo Global Listed Infrastructure Limited,Not Applic
ALK,Alkane Resources Limited,Materials
ALL,Aristocrat Leisure Limited,Consumer Services
ALM,Alma Metals Limited,Energy
ALO,Alloggio Group Limited,Consumer Services
ALQ,Als Limited,Commercial & Professional Services
ALT,Analytica Limited,Health Care Equipment & Services
ALU,Altium Limited,Software & Services
ALV,Alvo Minerals Limited,Materials
ALX,Atlas Arteria,Transportation
ALY,Alchemy Resources Limited,Materials
AM7,Arcadia Minerals Limited,Materials
AMA,Ama Group Limited,Commercial & Professional Services
AMC,Amcor Plc,Materials
AMD,Arrow Minerals Ltd,Materials
AME,Alto Metals Limited,Materials
AMH,Amcil Limited,Not Applic
AMI,Aurelia Metals Limited,Materials
AML,Aeon Metals Limited.,Materials
AMM,Armada Metals Limited,Materials
AMN,Agrimin Limited,Materials
AMO,Ambertech Limited,Technology Hardware & Equipment
AMP,Amp Limited,Diversified Financials
AMS,Atomos Limited,Consumer Durables & Apparel
AMT,Allegra Orthopaedics Limited,Health Care Equipment & Services
AMX,Aerometrex Limited,Commercial & Professional Services
AN1,Anagenics Limited,"Pharmaceuticals, Biotechnology & Life Sciences"
AND,Ansarada Group Limited,Software & Services
ANG,Austin Engineering Limited,Capital Goods
ANL,Amani Gold Limited,Materials
ANN,Ansell Limited,Health Care Equipment & Services
ANO,Advance Zinctek Limited,Materials
ANP,Antisense Therapeutics Limited,"Pharmaceuticals, Biotechnology & Life Sciences"
ANR,Anatara Lifesciences Ltd,"Pharmaceuticals, Biotechnology & Life Sciences"
ANX,Anax Metals Limited,Materials
ANZ,Australia And New Zealand Banking Group Limited,Banks
AO1,Assetowl Limited,Software & Services
AOA,Ausmon Resources Limited,Materials
AOF,Australian Unity Office Fund,Real Estate
AON,Apollo Minerals Limited,Materials
AOU,Auroch Minerals Ltd,Materials
APA,Apa Group,Utilities
APC,Australian Potash Limited,Materials
APE,Eagers Automotive Limited,Retailing
APG,Austpac Resources Nl,Materials
APM,Apm Human Services International Limited,Commercial & Professional Services
APS,Allup Silica Limited,Materials
APW,Aims Property Securities Fund,Real Estate
APX,Appen Limited,Software & Services
APZ,Aspen Group,Real Estate
AQC,Australian Pacific Coal Limited,Materials
AQD,Ausquest Limited,Materials
AQI,Alicanto Minerals Limited,Materials
AQN,Aquirian Limited,Commercial & Professional Services
AQS,Aquis Entertainment Limited,Consumer Services
AQX,Alice Queen Limited,Materials
AQZ,Alliance Aviation Services Limited,Transportation
AR1,Austral Resources Australia Ltd,Materials
AR3,Australian Rare Earths Limited,Materials
AR9,Archtis Limited,Software & Services
ARA,Ariadne Australia Limited,Commercial & Professional Services
ARB,Arb Corporation Limited.,Automobiles & Components
ARC,Arc Funds Limited,Diversified Financials
ARD,Argent Minerals Limited,Materials
ARE,Argonaut Resources Nl,Materials
ARF,Arena Reit.,Real Estate
ARG,Argo Investments Limited,Not Applic
ARL,Ardea Resources Limited,Materials
ARN,Aldoro Resources Limited,Materials
ARO,Astro Resources Nl,Materials
ARR,American Rare Earths Limited,Materials
ART,Airtasker Limited,Media & Entertainment
ARU,Arafura Rare Earths Ltd,Materials
ARV,Artemis Resources Limited,Materials
ARX,Aroa Biosurgery Limited,"Pharmaceuticals, Biotechnology & Life Sciences"
AS2,Askari Metals Limited,Materials
ASB,Austal Limited,Capital Goods
ASG,Autosports Group Limited.,Retailing
ASH,Ashley Services Group Limited,Commercial & Professional Services
ASM,Australian Strategic Materials Limited,Materials
ASN,Anson Resources Limited,Materials
ASO,Aston Minerals Limited,Materials
ASP,Aspermont Limited.,Media & Entertainment
ASQ,Australian Silica Quartz Group Ltd,Materials
ASR,Asra Minerals Limited,Materials
ASW,Advanced Share Registry Limited,Diversified Financials
ASX,Asx Limited,Diversified Financials
AT1,Atomo Diagnostics Limited,Health Care Equipment & Services
ATA,Atturra Limited,Software & Services
ATC,Altech Chemicals Ltd,Materials
ATH,Alterity Therapeutics Limited,"Pharmaceuticals, Biotechnology & Life Sciences"
ATL,Apollo Tourism & Leisure Ltd,Automobiles & Components
ATM,Aneka Tambang (Persero) Tbk (Pt),Materials
ATP,Atlas Pearls Ltd,Consumer Durables & Apparel
ATR,Astron Corporation Limited,Materials
ATS,Australis Oil & Gas Limited,Energy
ATU,Atrum Coal Limited,Materials
ATV,Activeport Group Ltd,Software & Services
ATX,Amplia Therapeutics Limited,"Pharmaceuticals, Biotechnology & Life Sciences"
AU1,The Agency Group Australia Ltd,Real Estate
AUA,Audeara Limited,Consumer Durables & Apparel
AUB,Aub Group Limited,Insurance
AUC,Ausgold Limited,Materials
AUE,Aurum Resources Limited,Materials
AUH,Austchina Holdings Limited,Energy
AUI,Australian United Investment Company Limited,Not Applic
AUK,Aumake Limited.,Retailing
AUN,Aurumin Limited,Materials
AUQ,Alara Resources Limited,Materials
AUR,Auris Minerals Limited,Materials
AUT,Auteco Minerals Ltd,Materials
AUZ,Australian Mines Limited,Materials
AV1,Adveritas Limited,Software & Services
AVA,Ava Risk Group Limited,Technology Hardware & Equipment
AVC,Auctus Investment Group Limited,Diversified Financials
AVD,Avada Group Limited,Commercial & Professional Services
AVE,Avecho Biotechnology Limited,"Pharmaceuticals, Biotechnology & Life Sciences"
AVG,Australian Vintage Ltd,"Food, Beverage & Tobacco"
AVH,Avita Medical Inc.,"Pharmaceuticals, Biotechnology & Life Sciences"
AVJ,Avjennings Limited,Consumer Durables & Apparel
AVL,Australian Vanadium Limited,Materials
AVM,Advance Metals Limited,Materials
AVR,Anteris Technologies Ltd,Health Care Equipment & Services
AVW,Avira Resources Ltd,Materials
AVZ,Avz Minerals Limited,Materials
AW1,American West Metals Limited,Materials
AWC,Alumina Limited,Materials
AWJ,Auric Mining Limited,Materials
AWV,Anova Metals Limited,Materials
AX1,Accent Group Limited,Retailing
AX8,Accelerate Resources Limited,Materials
AXE,Archer Materials Limited,Semiconductors & Semiconductor Equipment
AXI,Axiom Properties Limited,Real Estate
AXP,Axp Energy Limited,Energy
AYA,Artrya Limited,Health Care Equipment & Services
AYI,A1 Investments & Resources Ltd,Diversified Financials
AYM,Australia United Mining Limited,Materials
AYT,Austin Metals Limited,Materials
AZI,Altamin Limited,Materials
AZJ,Aurizon Holdings Limited,Transportation
AZL,Arizona Lithium Limited,Materials
AZS,Azure Minerals Limited,Materials
AZY,Antipa Minerals Limited,Materials
B4P,Beforepay Group Limited,Diversified Financials
BAP,Bapcor Limited,Retailing
BAS,Bass Oil Limited,Energy
BAT,Battery Minerals Limited,Materials
BBC,Bnk Banking Corporation Limited,Banks
BBL,Brisbane Broncos Limited,Media & Entertainment
BBN,Baby Bunting Group Limited,Retailing
BBT,Bluebet Holdings Ltd,Consumer Services
BBX,Bbx Minerals Limited,Materials
BC8,Black Cat Syndicate Limited,Materials
BCA,Black Canyon Limited,Materials
BCB,Bowen Coking Coal Limited,Materials
BCC,Beam Communications Holdings Limited,Technology Hardware & Equipment
BCI,Bci Minerals Limited,Materials
BCK,Brockman Mining Limited,Materials
BCN,Beacon Minerals Limited,Materials
BCT,Bluechiip Limited,Technology Hardware & Equipment
BDG,Black Dragon Gold Corp.,Materials
BDM,Burgundy Diamond Mines Limited,Materials
BDT,Birddog Technology Limited,Technology Hardware & Equipment
BDX,Bcal Diagnostics Limited,"Pharmaceuticals, Biotechnology & Life Sciences"
BEE,Broo Ltd,"Food, Beverage & Tobacco"
BEL,Bentley Capital Limited,Not Applic
BEM,Blackearth Minerals Nl,Materials
BEN,Bendigo And Adelaide Bank Limited,Banks
BET,Betmakers Technology Group Ltd,Consumer Services
BEX,Bikeexchange Limited,Retailing
BEZ,Besra Gold Inc.,Materials
BFC,Beston Global Food Company Limited,"Food, Beverage & Tobacco"
BFG,Bell Financial Group Limited,Diversified Financials
BFL,Bsp Financial Group Limited,Banks
BGA,Bega Cheese Limited,"Food, Beverage & Tobacco"
BGD,Barton Gold Holdings Limited,Materials
BGE,Bridge Saas Limited,Software & Services
BGL,Bellevue Gold Limited,Materials
BGP,Briscoe Group Australasia Limited,Retailing
BGT,Bio-Gene Technology Ltd,Materials
BHD,Benjamin Hornigold Limited,Not Applic
BHP,Bhp Group Limited,Materials
BID,Bill Identity Limited,Software & Services
BIM,Bindi Metals Limited,Materials
BIO,Biome Australia Limited,Household & Personal Products
BIR,Bir Financial Limited,Diversified Financials
BIS,Bisalloy Steel Group Limited,Materials
BIT,Biotron Limited,"Pharmaceuticals, Biotechnology & Life Sciences"
BITNE,Biotron Limited,"Pharmaceuticals, Biotechnology & Life Sciences"
BKG,Booktopia Group Limited,Retailing
BKI,Bki Investment Company Limited,Not Applic
BKL,Blackmores Limited,Household & Personal Products
BKT,Black Rock Mining Limited,Materials
BKW,Brickworks Limited,Materials
BKY,Berkeley Energia Limited,Energy
BLD,Boral Limited.,Materials
BLG,Bluglass Limited,Semiconductors & Semiconductor Equipment
BLU,Blue Energy Limited.,Energy
BLX,Beacon Lighting Group Limited,Retailing
BLY,Boart Longyear Group Ltd,Materials
BLZ,Blaze Minerals Limited,Energy
BME,Black Mountain Energy Ltd,Energy
BMG,Bmg Resources Limited,Materials
BMH,Baumart Holdings Limited,Capital Goods
BML,Boab Metals Limited,Materials
BMM,Balkan Mining And Minerals Limited,Materials
BMN,Bannerman Energy Ltd,Energy
BMO,Bastion Minerals Limited,Materials
BMR,Ballymore Resources Limited,Materials
BMT,Beamtree Holdings Limited,Health Care Equipment & Services
BNL,Blue Star Helium Limited,Energy
BNO,Bionomics Limited,"Pharmaceuticals, Biotechnology & Life Sciences"
BNR,Bulletin Resources Limited,Materials
BNZ,Benz Mining Corp.,Materials
BOA,Boadicea Resources Limited,Materials
BOC,Bougainville Copper Limited,Materials
BOD,Bod Australia Limited.,Retailing
BOE,Boss Energy Ltd,Energy
BOL,Boom Logistics Limited,Capital Goods
BOQ,Bank Of Queensland Limited.,Banks
BOT,Botanix Pharmaceuticals Ltd,"Pharmaceuticals, Biotechnology & Life Sciences"
BPH,Bph Energy Ltd,"Pharmaceuticals, Biotechnology & Life Sciences"
BPM,Bpm Minerals Limited,Materials
BPP,Babylon Pump & Power Limited,Capital Goods
BPT,Beach Energy Limited,Energy
BRB,Breaker Resources Nl,Materials
BRG,Breville Group Limited,Consumer Durables & Apparel
BRI,Big River Industries Limited,Materials
BRK,Brookside Energy Limited,Energy
BRL,Bathurst Resources Limited.,Materials
BRN,Brainchip Holdings Ltd,Software & Services
BRU,Buru Energy Limited,Energy
BRX,Belararox Limited,Materials
BSA,Bsa Limited,Commercial & Professional Services
BSE,Base Resources Limited,Materials
BSL,Bluescope Steel Limited,Materials
BSN,Basin Energy Limited,Energy
BST,Best & Less Group Holdings Ltd,Retailing
BSX,Blackstone Minerals Limited,Materials
BTC,Btc Health Ltd,Not Applic
BTE,Botala Energy Ltd,Energy
BTH,Bigtincan Holdings Limited,Software & Services
BTI,Bailador Technology Investments Limited,Diversified Financials
BTN,Butn Limited,Diversified Financials
BTR,Brightstar Resources Limited,Materials
BUB,Bubs Australia Limited,"Food, Beverage & Tobacco"
BUD,Buddy Technologies Ltd,Consumer Durables & Apparel
BUR,Burley Minerals Ltd,Materials
BUS,Bubalus Resources Limited,Materials
BUX,Buxton Resources Limited,Materials
BUY,Bounty Oil & Gas Nl,Energy
BVR,Bellavista Resources Ltd,Materials
BVS,Bravura Solutions Limited.,Software & Services
BWF,Blackwall Limited,Diversified Financials
BWP,Bwp Trust,Real Estate
BWX,Bwx Limited,Household & Personal Products
BXB,Brambles Limited,Commercial & Professional Services
BXN,Bioxyne Limited,Household & Personal Products
BYE,Byron Energy Limited,Energy
BYH,Bryah Resources Limited,Materials
BYI,Beyond International Limited,Media & Entertainment
C1X,Cosmos Exploration Limited,Materials
C29,C29 Metals Limited,Materials
C6C,Copper Mountain Mining Corporation,Materials
C79,Chrysos Corporation Limited,Commercial & Professional Services
C7A,Clara Resources Australia Ltd,Materials
CAA,Capral Limited,Materials
CAD,Caeneus Minerals Ltd,Materials
CAE,Cannindah Resources Limited,Materials
CAF,Centrepoint Alliance Limited,Diversified Financials
CAG,Cape Range Ltd,Software & Services
CAI,Calidus Resources Limited,Materials
CAJ,Capitol Health Limited,Health Care Equipment & Services
CAM,Clime Capital Limited,Not Applic
CAN,Cann Group Limited,"Pharmaceuticals, Biotechnology & Life Sciences"
CAQ,Caq Holdings Limited,Real Estate
CAR,Carsales.Com Limited.,Media & Entertainment
CAT,Catapult Group International Ltd,Technology Hardware & Equipment
CAU,Cronos Australia Limited,Health Care Equipment & Services
CAV,Carnavale Resources Limited,Materials
CAY,Canyon Resources Limited,Materials
CAZ,Cazaly Resources Limited,Materials
CBA,Commonwealth Bank Of Australia.,Banks
CBE,Cobre Limited,Materials
CBH,Coolabah Metals Limited,Materials
CBL,Control Bionics Limited,Health Care Equipment & Services
CBO,Cobram Estate Olives Limited,"Food, Beverage & Tobacco"
CBR,Carbon Revolution Limited,Automobiles & Components
CBY,Canterbury Resources Limited,Materials
CCA,Change Financial Limited,Software & Services
CCE,Carnegie Clean Energy Limited,Utilities
CCG,Comms Group Ltd,Telecommunication Services
CCP,Credit Corp Group Limited,Diversified Financials
CCR,Credit Clear Limited,Software & Services
CCV,Cash Converters International,Diversified Financials
CCX,City Chic Collective Limited,Retailing
CCZ,Castillo Copper Limited,Materials
CD1,Cd Private Equity Fund I,Not Applic
CD2,Cd Private Equity Fund Ii,Not Applic
CD3,Cd Private Equity Fund Iii,Not Applic
CDA,Codan Limited,Technology Hardware & Equipment
CDD,Cardno Limited,Commercial & Professional Services
CDM,Cadence Capital Limited,Not Applic
CDO,Cadence Opportunities Fund Limited.,Not Applic
CDP,Carindale Property Trust,Real Estate
CDR,Codrus Minerals Limited,Materials
CDT,Castle Minerals Limited,Materials
CDX,Cardiex Limited,Health Care Equipment & Services
CE1,Calima Energy Limited,Energy
CEL,Challenger Exploration Limited,Energy
CEN,Contact Energy Limited,Utilities
CF1,Complii Fintech Solutions Ltd,Software & Services
CFO,Cfoam Limited,Capital Goods
CG1,Carbonxt Group Limited,Materials
CGA,Contango Asset Management Limited,Diversified Financials
CGB,Cann Global Limited,"Pharmaceuticals, Biotechnology & Life Sciences"
CGC,Costa Group Holdings Limited,"Food, Beverage & Tobacco"
CGF,Challenger Limited,Diversified Financials
CGN,Crater Gold Mining Limited,Materials
CGO,Cpt Global Limited,Software & Services
CGS,Cogstate Ltd,Health Care Equipment & Services
CHC,Charter Hall Group,Real Estate
CHK,Cohiba Minerals Limited,Materials
CHL,Camplify Holdings Limited,Transportation
CHM,Chimeric Therapeutics Limited,"Pharmaceuticals, Biotechnology & Life Sciences"
CHN,Chalice Mining Limited,Materials
CHR,Charger Metals Nl,Materials
CHZ,Chesser Resources Limited,Materials
CI1,Credit Intelligence Ltd,Commercial & Professional Services
CIA,Champion Iron Limited,Materials
CII,Ci Resources Limited,Materials
CIN,Carlton Investments Limited,Not Applic
CIO,,Technology Hardware & Equipment
CIP,Centuria Industrial Reit,Real Estate
CIW,Clime Investment Management Ltd,Diversified Financials
CKA,Cokal Limited,Materials
CKF,Collins Foods Limited,Consumer Services
CL8,Carly Holdings Limited,Retailing
CLA,Celsius Resources Limited.,Materials
CLB,Candy Club Holdings Limited,Food & Staples Retailing
CLE,Cyclone Metals Limited,Materials
CLG,Close The Loop Ltd.,Commercial & Professional Services
CLH,Collection House Limited,Diversified Financials
CLT,Cellnet Group Limited,Technology Hardware & Equipment
CLU,Cluey Ltd,Consumer Services
CLV,Clover Corporation Limited,Materials
CLW,Charter Hall Long Wale Reit,Real Estate
CLX,Cti Logistics Limited,Transportation
CLZ,Classic Minerals Ltd,Materials
CM8,Crowd Media Holdings Limited,Media & Entertainment
CMD,Cassius Mining Limited,Materials
CMG,Critical Minerals Group Limited,Materials
CML,Chase Mining Corporation Limited,Materials
CMM,Capricorn Metals Ltd,Materials
CMO,Cosmo Metals Limited,Materials
CMP,Compumedics Limited,Health Care Equipment & Services
CMW,Cromwell Property Group,Real Estate
CMX,Chemx Materials Limited,Materials
CNB,Carnaby Resources Limited,Materials
CNI,Centuria Capital Group,Real Estate
CNJ,Conico Ltd,Materials
CNQ,Clean Teq Water Limited,Commercial & Professional Services
CNR,Cannon Resources Limited,Materials
CNU,Chorus Limited,Telecommunication Services
CNW,Cirrus Networks Holdings Limited,Software & Services
COB,Cobalt Blue Holdings Limited,Materials
COD,Coda Minerals Ltd,Materials
COE,Cooper Energy Limited,Energy
COF,Centuria Office Reit,Real Estate
COG,Cog Financial Services Limited,Diversified Financials
COH,Cochlear Limited,Health Care Equipment & Services
COI,Comet Ridge Limited,Energy
COL,Coles Group Limited.,Food & Staples Retailing
COO,Corum Group Limited,Software & Services
COS,Cosol Limited,Software & Services
COY,Coppermoly Limited,Materials
CPH,Creso Pharma Limited,"Pharmaceuticals, Biotechnology & Life Sciences"
CPM,Cooper Metals Limited,Materials
CPN,Caspin Resources Limited,Materials
CPO,Culpeo Minerals Limited,Materials
CPON,Culpeo Minerals Limited,Materials
CPT,Cipherpoint Limited,Software & Services
CPU,Computershare Limited.,Software & Services
CPV,Clearvue Technologies Limited,Capital Goods
CQE,Charter Hall Social Infrastructure Reit,Real Estate
CQR,Charter Hall Retail Reit,Real Estate
CR1,Constellation Resources Limited,Materials
CR9,Corella Resources Ltd,Materials
CRB,Carbine Resources Limited,Materials
CRD,Conrad Asia Energy Ltd.,Energy
CRLDB,Comet Resources Limited,Materials
CRM,Carbon Minerals Limited,Energy
CRN,Coronado Global Resources Inc.,Materials
CRR,Critical Resources Limited,Materials
CRS,Caprice Resources Ltd,Materials
CSE,Copper Strike Limited,Materials
CSF,Catalano Seafood Ltd,"Food, Beverage & Tobacco"
CSL,Csl Limited,"Pharmaceuticals, Biotechnology & Life Sciences"
CSR,Csr Limited,Materials
CSS,Clean Seas Seafood Limited,"Food, Beverage & Tobacco"
CST,Castile Resources Ltd,Materials
CSX,Cleanspace Holdings Limited,Health Care Equipment & Services
CT1,Constellation Technologies Limited,Technology Hardware & Equipment
CTD,Corporate Travel Management Limited,Consumer Services
CTE,Cryosite Limited,"Pharmaceuticals, Biotechnology & Life Sciences"
CTM,Centaurus Metals Limited,Materials
CTO,Citigold Corporation Limited,Materials
CTP,Central Petroleum Limited,Energy
CTQ,Careteq Limited,Health Care Equipment & Services
CTT,Cettire Limited,Retailing
CTV,Colortv Limited,Media & Entertainment
CU6,Clarity Pharmaceuticals Ltd,"Pharmaceuticals, Biotechnology & Life Sciences"
CUE,Cue Energy Resources Limited,Energy
CUF,Cufe Ltd,Materials
CUL,Cullen Resources Limited,Materials
CUP,Countplus Limited,Commercial & Professional Services
CUS,Copper Search Limited,Materials
CUV,Clinuvel Pharmaceuticals Limited,"Pharmaceuticals, Biotechnology & Life Sciences"
CVC,Cvc Limited,Diversified Financials
CVL,Civmec Limited,Capital Goods
CVN,Carnarvon Energy Limited,Energy
CVR,Cavalier Resources Limited,Materials
CVV,Caravel Minerals Limited,Materials
CVW,Clearview Wealth Limited,Diversified Financials
CWL,Consolidated Financial Holdings Limited,Software & Services
CWP,Cedar Woods Properties Limited,Real Estate
CWX,Carawine Resources Limited,Materials
CWXN,Carawine Resources Limited,Materials
CWY,Cleanaway Waste Management Limited,Commercial & Professional Services
CXL,Calix Limited,Materials
CXM,Centrex Limited,Materials
CXO,Core Lithium Ltd,Materials
CXU,Cauldron Energy Limited,Energy
CXX,Cradle Resources Limited,Materials
CXZ,Connexion Telematics Ltd,Software & Services
CY5,Cygnus Gold Limited,Materials
CYC,Cyclopharm Limited,Health Care Equipment & Services
CYG,Coventry Group Limited,Capital Goods
CYL,Catalyst Metals Limited,Materials
CYM,Cyprium Metals Limited,Materials
CYP,Cynata Therapeutics Limited,"Pharmaceuticals, Biotechnology & Life Sciences"
CYQ,Cycliq Group Ltd,Consumer Durables & Apparel
CZL,Consolidated Zinc Limited,Materials
CZN,Corazon Mining Limited,Materials
CZR,Czr Resources Ltd,Materials
D2O,Duxton Water Limited,Utilities
DAF,Discovery Alaska Limited,Materials
DAL,Dalaroo Metals Ltd,Materials
DBF,Duxton Farms Ltd,"Food, Beverage & Tobacco"
DBI,Dalrymple Bay Infrastructure Limited,Transportation
DBO,Diablo Resources Limited,Materials
DC2,Dc Two Limited,Software & Services
DCC,Digitalx Limited,Software & Services
DCG,Decmil Group Limited,Capital Goods
DCL,Domacom Limited,Diversified Financials
DCN,Dacian Gold Limited,Materials
DCX,Discovex Resources Limited,Materials
DDB,Dynamic Group Holdings Limited,Capital Goods
DDH,Ddh1 Limited,Materials
DDR,Dicker Data Limited,Technology Hardware & Equipment
DDT,Datadot Technology Limited,Automobiles & Components
DEG,De Grey Mining Limited,Materials
DEL,Delorean Corporation Limited,Utilities
DEM,De.Mem Limited,Utilities
DES,Desoto Resources Limited,Class Pend
DEV,Devex Resources Limited,Energy
DEX,Duke Exploration Limited,Materials
DGH,Desane Group Holdings Limited,Real Estate
DGL,Dgl Group Limited,Materials
DGR,Dgr Global Limited,Materials
DHG,Domain Holdings Australia Limited.,Media & Entertainment
DJW,Djerriwarrh Investments Limited,Not Applic
DKM,Duketon Mining Limited,Materials
DLM,Dominion Minerals Limited,"Pharmaceuticals, Biotechnology & Life Sciences"
DLT,Delta Drone International Limited,Technology Hardware & Equipment
DM1,Desert Metals Limited,Materials
DMC,Design Milk Co Limited,Retailing
DME,Dome Gold Mines Limited,Materials
DMG,Dragon Mountain Gold Limited,Materials
DMM,Dmc Mining Limited.,Materials
DMP,Domino'S Pizza Enterprises Limited,Consumer Services
DNA,Donaco International Limited,Consumer Services
DNK,Danakali Limited,Materials
DOC,Doctor Care Anywhere Group Plc,Health Care Equipment & Services
DOR,Doriemus Plc,Energy
DOU,Douugh Limited,Telecommunication Services
DOW,Downer Edi Limited,Commercial & Professional Services
DRA,Dra Global Limited,Capital Goods
DRE,Dreadnought Resources Ltd,Materials
DRM,Demetallica Limited,Materials
DRO,Droneshield Limited,Capital Goods
DRR,Deterra Royalties Limited,Materials
DRX,Diatreme Resources Limited,Materials
DSE,Dropsuite Limited,Software & Services
DSK,Dusk Group Limited,Retailing
DTC,Damstra Holdings Limited,Software & Services
DTI,Dti Group Ltd,Technology Hardware & Equipment
DTL,Data#3 Limited,Software & Services
DTM,Dart Mining Nl,Materials
DTR,Dateline Resources Limited,Materials
DTZ,Dotz Nano Limited,Semiconductors & Semiconductor Equipment
DUB,Dubber Corporation Limited,Software & Services
DUG,Dug Technology Ltd,Software & Services
DUI,Diversified United Investment Limited,Not Applic
DUN,Dundas Minerals Limited,Materials
DUR,Duratec Limited,Capital Goods
DVL,Dorsavi Ltd,"Pharmaceuticals, Biotechnology & Life Sciences"
DVP,Develop Global Limited,Materials
DVR,Diverger Limited,Diversified Financials
DW8,Dw8 Limited,Retailing
DXB,Dimerix Limited,"Pharmaceuticals, Biotechnology & Life Sciences"
DXC,Dexus Convenience Retail Reit,Real Estate
DXI,Dexus Industria Reit.,Real Estate
DXN,Dxn Limited,Software & Services
DXS,Dexus,Real Estate
DYL,Deep Yellow Limited,Energy
E25,Element 25 Limited,Materials
E2M,E2 Metals Limited,Materials
E33,East 33 Limited..,"Food, Beverage & Tobacco"
E79,E79 Gold Mines Limited,Materials
EAI,Ellerston Asian Investments Limited,Not Applic
EAX,Energy Action Limited,Commercial & Professional Services
EBG,Eumundi Group Limited,Consumer Services
EBO,Ebos Group Limited,Health Care Equipment & Services
EBR,Ebr Systems Inc.,Health Care Equipment & Services
ECF,Elanor Commercial Property Fund,Real Estate
ECG,Ecargo Holdings Limited,Commercial & Professional Services
ECL,Excelsior Capital Ltd,Capital Goods
ECP,Ecp Emerging Growth Limited,Not Applic
ECS,Ecs Botanics Holdings Ltd,"Pharmaceuticals, Biotechnology & Life Sciences"
ECT,Environmental Clean Technologies Limited.,Commercial & Professional Services
ECX,Eclipx Group Limited,Diversified Financials
EDC,Eildon Capital Group,Diversified Financials
EDE,Eden Innovations Ltd,Energy
EDU,Edu Holdings Limited,Consumer Services
EDV,Endeavour Group Limited,Food & Staples Retailing
EEG,Empire Energy Group Limited,Energy
EEL,Enrg Elements Ltd,Materials
EFE,Eastern Resources Limited,Materials
EGG,Enero Group Limited,Media & Entertainment
EGH,Eureka Group Holdings Limited,Real Estate
EGL,Environmental Group Limited (The),Capital Goods
EGN,Engenco Limited,Capital Goods
EGR,Ecograf Limited,Materials
EGY,Energy Technologies Limited,Capital Goods
EHE,Estia Health Limited,Health Care Equipment & Services
EHL,Emeco Holdings Limited,Capital Goods
EIQ,Echoiq Limited,Software & Services
EL8,Elevate Uranium Ltd,Energy
ELD,Elders Limited,"Food, Beverage & Tobacco"
ELE,Elmore Ltd,Materials
ELO,Elmo Software Limited,Software & Services
ELS,Elsight Limited,Technology Hardware & Equipment
ELT,Elementos Limited,Materials
EM1,Emerge Gaming Limited,Media & Entertainment
EM2,Eagle Mountain Mining Limited,Materials
EMB,Embelton Limited,Capital Goods
EMD,Emyria Limited,Health Care Equipment & Services
EME,Energy Metals Ltd,Energy
EMH,European Metals Holdings Limited,Materials
EML,Eml Payments Limited,Software & Services
EMN,Euro Manganese Inc,Materials
EMP,Emperor Energy Limited,Energy
EMR,Emerald Resources Nl,Materials
EMS,Eastern Metals Limited,Materials
EMT,Emetals Limited,Not Applic
EMU,Emu Nl,Materials
EMUCA,Emu Nl,Materials
EMV,Emvision Medical Devices Ltd,Health Care Equipment & Services
ENA,Ensurance Ltd,Insurance
ENN,Elanor Investors Group,Consumer Services
ENR,Encounter Resources Limited,Materials
ENT,Enterprise Metals Limited,Materials
ENV,Enova Mining Limited,Materials
ENX,Enegex Limited,Materials
EOF,Ecofibre Limited,"Pharmaceuticals, Biotechnology & Life Sciences"
EOL,Energy One Limited,Software & Services
EOS,Electro Optic Systems Holdings Limited,Capital Goods
EP1,E&P Financial Group Limited,Diversified Financials
EPM,Eclipse Metals Limited.,Energy
EPN,Epsilon Healthcare Limited,"Pharmaceuticals, Biotechnology & Life Sciences"
EPX,Ep&T Global Limited,Software & Services
EPY,Earlypay Ltd,Diversified Financials
EQE,Equus Mining Limited,Materials
EQN,Equinox Resources Limited.,Materials
EQR,Eq Resources Limited,Materials
EQS,Equity Story Group Ltd,Diversified Financials
EQT,Eqt Holdings Limited,Diversified Financials
EQX,Equatorial Resources Limited,Materials
ERA,Energy Resources Of Australia Limited,Energy
ERD,Eroad Limited,Technology Hardware & Equipment
ERG,Eneco Refresh Ltd,"Food, Beverage & Tobacco"
ERL,Empire Resources Limited,Materials
ERM,Emmerson Resources Limited,Materials
ERW,Errawarra Resources Ltd,Materials
ESK,Etherstack Plc,Software & Services
ESR,Estrella Resources Limited,Materials
ESS,Essential Metals Limited,Materials
ETM,Energy Transition Minerals Ltd,Materials
EUR,European Lithium Limited,Materials
EV1,Evolution Energy Minerals Limited,Materials
EVE,Eve Health Group Limited.,Diversified Financials
EVN,Evolution Mining Limited,Materials
EVO,Embark Education Limited,Consumer Services
EVR,Ev Resources Ltd,Materials
EVS,Envirosuite Limited,Software & Services
EVT,Evt Limited,Media & Entertainment
EVZ,Evz Limited,Capital Goods
EWC,Energy World Corporation Ltd,Utilities
EX1,Exopharm Limited,"Pharmaceuticals, Biotechnology & Life Sciences"
EXL,Elixinol Wellness Limited,Household & Personal Products
EXP,Experience Co Limited,Consumer Services
EXR,Elixir Energy Limited,Energy
EYE,Nova Eye Medical Limited,Health Care Equipment & Services
EZL,Euroz Hartleys Group Limited,Diversified Financials
EZZ,Ezz Life Science Holdings Limited,Retailing
FAL,Falcon Metals Ltd,Materials
FAR,Far Limited,Energy
FAU,First Au Limited,Materials
FBR,Fbr Ltd,Capital Goods
FBU,Fletcher Building Limited,Materials
FCL,Fineos Corporation Holdings Plc,Software & Services
FCT,Firstwave Cloud Technology Limited,Software & Services
FDR,Finder Energy Holdings Limited,Energy
FDV,Frontier Digital Ventures Limited,Media & Entertainment
FEG,Far East Gold Ltd,Materials
FEX,Fenix Resources Ltd,Materials
FFF,Forbidden Foods Limited,"Food, Beverage & Tobacco"
FFG,Fatfish Group Limited,Diversified Financials
FFI,Ffi Holdings Limited,"Food, Beverage & Tobacco"
FFT,Future First Technologies Ltd,Commercial & Professional Services
FFX,Firefinch Limited,Materials
FG1,Flynn Gold Limited,Materials
FGG,Future Generation Global Investment Company Limited,Not Applic
FGL,Frugl Group Limited,Software & Services
FGR,First Graphene Limited,Materials
FGX,Future Generation Investment Company Limited,Not Applic
FHE,Frontier Energy Limited,Materials
FHS,Freehill Mining Limited.,Materials
FID,Fiducian Group Limited,Diversified Financials
FIJ,Fiji Kava Limited,Household & Personal Products
FIN,Fin Resources Limited,Materials
FLC,Fluence Corporation Limited,Capital Goods
FLN,Freelancer Limited,Commercial & Professional Services
FLT,Flight Centre Travel Group Limited,Consumer Services
FLX,Felix Group Holdings Ltd,Software & Services
FME,Future Metals Nl,Energy
FMG,Fortescue Metals Group Ltd,Materials
FML,Focus Minerals Ltd,Materials
FMS,Flinders Mines Limited,Materials
FND,Findi Limited,Software & Services
FNX,Finexia Financial Group Limited,Diversified Financials
FOD,The Food Revolution Group Limited,"Food, Beverage & Tobacco"
FOR,Forager Australian Shares Fund,Not Applic
FOS,Fos Capital Ltd,Capital Goods
FPC,Fat Prophets Global Contrarian Fund Ltd,Not Applic
FPH,Fisher & Paykel Healthcare Corporation Limited,Health Care Equipment & Services
FPP,Fat Prophets Global Property Fund,Not Applic
FRB,Firebird Metals Limited,Materials
FRE,Firebrick Pharma Limited,"Pharmaceuticals, Biotechnology & Life Sciences"
FRI,Finbar Group Limited,Real Estate
FRM,Farm Pride Foods Limited,"Food, Beverage & Tobacco"
FRS,Forrestania Resources Limited,Materials
FRX,Flexiroam Limited,Telecommunication Services
FSA,Fsa Group Limited,Diversified Financials
FSF,Fonterra Shareholders' Fund,"Food, Beverage & Tobacco"
FSG,Field Solutions Holdings Limited,Telecommunication Services
FSI,Flagship Investments Limited,Not Applic
FTC,Fintech Chain Limited,Software & Services
FTL,Firetail Resources Limited,Materials
FTZ,Fertoz Limited,Materials
FWD,Fleetwood Limited,Consumer Durables & Apparel
FXG,Felix Gold Limited,Materials
FYI,Fyi Resources Limited,Materials
FZO,Family Zone Cyber Safety Limited,Software & Services
FZR,Fitzroy River Corporation Ltd,Energy
G1A,Galena Mining Limited,Materials
G50,Gold 50 Limited,Materials
G6M,Group 6 Metals Limited,Materials
G88,Golden Mile Resources Ltd,Materials
GAL,Galileo Mining Ltd,Materials
GAP,Gale Pacific Limited,Consumer Durables & Apparel
GAS,State Gas Limited,Energy
GBE,Globe Metals & Mining Limited,Materials
GBR,Great Boulder Resources Limited,Materials
GBZ,Gbm Resources Limited,Materials
GC1,Glennon Small Companies Limited,Not Applic
GCI,Gryphon Capital Income Trust,Not Applic
GCR,Golden Cross Resources Ltd,Materials
GCX,Gcx Metals Limited,Energy
GCY,Gascoyne Resources Limited,Materials
GDA,Good Drinks Australia Ltd,"Food, Beverage & Tobacco"
GDC,Global Data Centre Group,Not Applic
GDF,Garda Property Group,Real Estate
GDG,Generation Development Group Limited,Insurance
GDI,Gdi Property Group,Real Estate
GED,Golden Deeps Limited.,Materials
GEM,G8 Education Limited,Consumer Services
GEN,Genmin Limited,Materials
GES,Genesis Resources Limited,Materials
GFL,Global Masters Fund Limited,Not Applic
GFN,Gefen International A.I. Ltd,Retailing
GGE,Grand Gulf Energy Limited,Energy
GGX,Gas2Grid Limited,Energy
GIB,Gibb River Diamonds Limited,Materials
GL1,Global Lithium Resources Limited,Materials
GLA,Gladiator Resources Limited,Materials
GLB,Globe International Limited,Consumer Durables & Apparel
GLE,Glg Corp Ltd,Consumer Durables & Apparel
GLH,Global Health Limited,Health Care Equipment & Services
GLL,Galilee Energy Limited,Energy
GLN,Galan Lithium Limited,Materials
GLV,Global Oil & Gas Limited,Energy
GMA,Genworth Mortgage Insurance Australia Limited,Banks
GMD,Genesis Minerals Limited,Materials
GME,Gme Resources Limited,Materials
GMG,Goodman Group,Real Estate
GML,Gateway Mining Limited,Materials
GMN,Gold Mountain Limited,Materials
GMR,Golden Rim Resources Ltd,Materials
GNC,Graincorp Limited,Food & Staples Retailing
GNE,Genesis Energy Limited,Utilities
GNG,Gr Engineering Services Limited,Materials
GNM,Great Northern Minerals Limited,Materials
GNP,Genusplus Group Ltd,Capital Goods
GNX,Genex Power Limited,Utilities
GO2,The Go2 People Ltd,Commercial & Professional Services
GOR,Gold Road Resources Limited,Materials
GOW,Gowing Bros Limited,Diversified Financials
GOZ,Growthpoint Properties Australia,Real Estate
GPR,Geopacific Resources Ltd,Materials
GPS,Gps Alliance Holdings Limited,Real Estate
GPT,Gpt Group,Real Estate
GQG,Gqg Partners Inc.,Diversified Financials
GRE,Greentech Metals Limited,Materials
GRL,Godolphin Resources Limited,Materials
GRR,Grange Resources Limited.,Materials
GRV,Greenvale Mining Ltd,Energy
GRX,Greenx Metals Limited,Materials
GSM,Golden State Mining Limited,Materials
GSN,Great Southern Mining Limited,Materials
GSR,Greenstone Resources Limited,Materials
GSS,Genetic Signatures Limited,"Pharmaceuticals, Biotechnology & Life Sciences"
GT1,Green Technology Metals Limited,Materials
GTE,Great Western Exploration Limited.,Materials
GTG,Genetic Technologies Limited,"Pharmaceuticals, Biotechnology & Life Sciences"
GTI,Gratifii Limited,Software & Services
GTK,Gentrack Group Limited,Software & Services
GTM,Greentech Minerals Ltd,Semiconductors & Semiconductor Equipment
GTN,Gtn Limited,Media & Entertainment
GTR,Gti Energy Ltd,Materials
GUD,G.U.D. Holdings Limited,Automobiles & Components
GUL,Gullewa Limited,Materials
GVF,Global Value Fund Limited,Not Applic
GW1,Greenwing Resources Ltd,Materials
GWA,Gwa Group Limited.,Capital Goods
GWR,Gwr Group Limited,Materials
H2G,Greenhy2 Limited,Commercial & Professional Services
HAL,Halo Technologies Holdings Ltd,Diversified Financials
HAR,Haranga Resources Limited.,Materials
HAS,Hastings Technology Metals Ltd,Materials
HAV,Havilah Resources Limited,Materials
HAW,Hawthorn Resources Limited,Materials
HCD,Hydrocarbon Dynamics Limited,Energy
HCF,H&G High Conviction Limited,Not Applic
HCH,Hot Chili Limited,Materials
HCT,Holista Colltech Limited,Household & Personal Products
HCW,Healthco Healthcare And Wellness Reit,Real Estate
HDN,Homeco Daily Needs Reit,Real Estate
HE8,Helios Energy Ltd,Energy
HFR,Highfield Resources Limited,Materials
HFY,Hubify Limited,Telecommunication Services
HGH,Heartland Group Holdings Limited,Banks
HGL,Hudson Investment Group Limited,Real Estate
HGO,Hillgrove Resources Limited,Materials
HGV,Hygrovest Limited,Not Applic
HHI,Health House International Limited,Health Care Equipment & Services
HHR,Hartshead Resources Nl,Energy
HIL,Hills Limited,Technology Hardware & Equipment
HIO,Hawsons Iron Ltd,Materials
HIQ,Hitiq Limited,Health Care Equipment & Services
HIT,Hitech Group Australia Limited,Commercial & Professional Services
HLA,Healthia Limited,Health Care Equipment & Services
HLF,Halo Food Co. Limited,
HLO,Helloworld Travel Limited,Consumer Services
HLS,Healius Limited,Health Care Equipment & Services
HLX,Helix Resources Limited,Materials
HM1,Hearts And Minds Investments Limited,Not Applic
HMC,Home Consortium Limited,Real Estate
HMD,Heramed Limited,Health Care Equipment & Services
HMG,Hamelin Gold Limited,Materials
HMI,Hiremii Limited,Commercial & Professional Services
HMX,Hammer Metals Limited,Materials
HMY,Harmoney Corp Limited,Diversified Financials
HNG,Hancock & Gore Ltd,Capital Goods
HNR,Hannans Ltd,Materials
HOR,Horseshoe Metals Limited,Materials
HPC,The Hydration Pharmaceuticals Company Limited,Household & Personal Products
HPG,Hipages Group Holdings Ltd,Media & Entertainment
HPI,Hotel Property Investments,Real Estate
HPP,Health And Plant Protein Group Limited,"Food, Beverage & Tobacco"
HPR,High Peak Royalties Limited,Energy
HRE,Heavy Rare Earths Limited,Class Pend
HRN,Horizon Gold Limited,Materials
HRO,Hiro Brands Limited,Consumer Services
HRZ,Horizon Minerals Limited,Materials
HSC,Hsc Technology Group Ltd,Software & Services
HSN,Hansen Technologies Limited,Software & Services
HT1,Ht&E Limited,Media & Entertainment
HT8,Harris Technology Group Limited,Retailing
HTA,Hutchison Telecommunications (Australia) Limited,Telecommunication Services
HTG,Harvest Technology Group Ltd,Technology Hardware & Equipment
HTM,High-Tech Metals Ltd,Class Pend
HUB,Hub24 Limited,Diversified Financials
HUM,Humm Group Limited,Diversified Financials
HVM,Happy Valley Nutrition Limited,"Food, Beverage & Tobacco"
HVN,Harvey Norman Holdings Limited,Retailing
HVY,Heavy Minerals Limited,Materials
HXG,Hexagon Energy Materials Limited,Materials
HXL,Hexima Limited.,"Pharmaceuticals, Biotechnology & Life Sciences"
HYD,Hydrix Limited,Technology Hardware & Equipment
HYT,Hyterra Ltd,Energy
HZN,Horizon Oil Limited,Energy
HZR,Hazer Group Limited,Materials
IAG,Insurance Australia Group Limited,Insurance
IAM,Income Asset Management Group Limited.,Diversified Financials
IBC,Ironbark Capital Limited,Not Applic
IBG,Ironbark Zinc Ltd,Materials
IBX,Imagion Biosystems Limited,Health Care Equipment & Services
ICE,Icetana Limited,Software & Services
ICG,Inca Minerals Limited,Materials
ICI,Icandy Interactive Limited,Media & Entertainment
ICL,Iceni Gold Limited,Materials
ICN,Icon Energy Limited,Energy
ICR,Intelicare Holdings Limited,Health Care Equipment & Services
ICS,Icsglobal Limited,Health Care Equipment & Services
ICT,Icollege Limited,Consumer Services
ID8,Identitii Limited,Software & Services
IDA,Indiana Resources Limited,Materials
IDT,Idt Australia Limited,"Pharmaceuticals, Biotechnology & Life Sciences"
IDX,Integral Diagnostics Limited,Health Care Equipment & Services
IEC,Intra Energy Corporation Limited,Energy
IEL,Idp Education Limited,Consumer Services
IEQ,International Equities Corporation Limited.,Real Estate
IFL,Insignia Financial Ltd,Diversified Financials
IFM,Infomedia Ltd,Software & Services
IFT,Infratil Limited.,Utilities
IG6,International Graphite Limited,Capital Goods
IGL,Ive Group Limited,Media & Entertainment
IGN,Ignite Limited,Commercial & Professional Services
IGO,Igo Limited,Materials
IHL,Incannex Healthcare Limited,"Pharmaceuticals, Biotechnology & Life Sciences"
IHR,Intellihr Limited,Software & Services
IIQ,Inoviq Ltd,Health Care Equipment & Services
IKE,Ikegps Group Limited,Technology Hardware & Equipment
IKW,Ikwezi Mining Limited,Energy
ILA,Island Pharmaceuticals Limited,"Pharmaceuticals, Biotechnology & Life Sciences"
ILU,Iluka Resources Limited,Materials
IMA,Image Resources Nl,Materials
IMB,Intelligent Monitoring Group Limited,Commercial & Professional Services
IMC,Immuron Limited,"Pharmaceuticals, Biotechnology & Life Sciences"
IMD,Imdex Limited,Materials
IME,Imexhs Limited,Health Care Equipment & Services
IMI,Infinity Mining Limited,Materials
IMM,Immutep Limited,"Pharmaceuticals, Biotechnology & Life Sciences"
IMR,Imricor Medical Systems Inc.,Health Care Equipment & Services
IMS,Impelus Limited,Media & Entertainment
IMU,Imugene Limited,"Pharmaceuticals, Biotechnology & Life Sciences"
INA,Ingenia Communities Group,Real Estate
IND,Industrial Minerals Ltd,Materials
INF,Infinity Lithium Corporation Limited,Materials
ING,Inghams Group Limited,"Food, Beverage & Tobacco"
INL,Innlanz Limited,Retailing
INP,Incentiapay Limited,Retailing
INR,Ioneer Ltd,Materials
INV,Investsmart Group Limited,Diversified Financials
IOD,Iodm Limited,Software & Services
IOU,Ioupay Limited,Media & Entertainment
IPB,Ipb Petroleum Limited,Energy
IPC,Imperial Pacific Limited,Diversified Financials
IPD,Impedimed Limited,Health Care Equipment & Services
IPG,Ipd Group Ltd,Capital Goods
IPH,Iph Limited,Commercial & Professional Services
IPL,Incitec Pivot Limited,Materials
IPT,Impact Minerals Limited,Materials
IPX,Iperionx Limited,Materials
IR1,Iris Metals Limited,Materials
IRD,Iron Road Limited,Materials
IRE,Iress Limited,Software & Services
IRI,Integrated Research Limited,Software & Services
IRX,Inhalerx Limited,Health Care Equipment & Services
IS3,I Synergy Group Limited,Software & Services
ISU,Iselect Limited.,Consumer Services
ITM,Itech Minerals Ltd,Materials
IVC,Invocare Limited,Consumer Services
IVO,Invigor Group Limited,Media & Entertainment
IVR,Investigator Resources Ltd,Materials
IVT,Inventis Limited,Commercial & Professional Services
IVX,Invion Limited,"Pharmaceuticals, Biotechnology & Life Sciences"
IVZ,Invictus Energy Ltd,Energy
IXC,Invex Therapeutics Ltd,"Pharmaceuticals, Biotechnology & Life Sciences"
IXR,Ionic Rare Earths Limited,Materials
IXU,Ixup Limited,Software & Services
JAL,Jameson Resources Limited,Materials
JAN,Janison Education Group Limited,Software & Services
JAT,Jatcorp Limited,Retailing
JAV,Javelin Minerals Limited,Materials
JAY,Jayride Group Limited,Retailing
JBH,Jb Hi-Fi Limited,Retailing
JCS,Jcurve Solutions Ltd,Software & Services
JDO,Judo Capital Holdings Limited,Banks
JGH,Jade Gas Holdings Limited,Materials
JHG,Janus Henderson Group Plc,Diversified Financials
JHX,James Hardie Industries Plc,Materials
JIN,Jumbo Interactive Limited,Consumer Services
JLG,Johns Lyng Group Limited,Capital Goods
JMS,Jupiter Mines Limited.,Materials
JNO,Juno Minerals Limited,Materials
JPR,Jupiter Energy Limited,Energy
JRL,Jindalee Resources Limited,Materials
JRV,Jervois Global Limited,Materials
JTL,Jayex Technology Limited,Health Care Equipment & Services
JXT,Jaxsta Ltd,Software & Services
JYC,Joyce Corporation Ltd,Retailing
K2F,K2Fly Limited,Software & Services
KAI,Kairos Minerals Limited,Materials
KAL,Kalgoorlie Gold Mining Limited,Materials
KAM,K2 Asset Management Holdings Ltd,Diversified Financials
KAR,Karoon Energy Ltd,Energy
KAT,Katana Capital Limited,Not Applic
KAU,Kaiser Reef Limited,Materials
KBC,Keybridge Capital Limited,Diversified Financials
KCC,Kincora Copper Limited,Materials
KCN,Kingsgate Consolidated Limited.,Materials
KED,Keypath Education International Inc.,Consumer Services
KEY,Key Petroleum Limited,Energy
KFE,Kogi Iron Limited,Materials
KFM,Kingfisher Mining Ltd,Materials
KGD,Kula Gold Limited,Materials
KGL,Kgl Resources Limited,Materials
KGN,Kogan.Com Ltd,Retailing
KIL,Kiland Ltd,Materials
KIN,Kin Mining Nl,Materials
KKC,Kkr Credit Income Fund,Not Applic
KKO,Kinetiko Energy Ltd,Energy
KLI,Killi Resources Limited,Class Pend
KLL,Kalium Lakes Limited,Materials
KLO,Kingsland Global Ltd,Real Estate
KLR,Kaili Resources Limited,Energy
KLS,Kelsian Group Limited,Consumer Services
KMD,Kmd Brands Limited,Retailing
KME,Kip Mcgrath Education Centres Limited,Consumer Services
KNB,Koonenberry Gold Limited,Materials
KNG,Kingsland Minerals Ltd,Materials
KNI,Kuniko Limited,Materials
KNM,Kneomedia Limited,Media & Entertainment
KNO,Knosys Limited,Software & Services
KOB,Koba Resources Limited,Materials
KOR,Korab Resources Limited,Materials
KOV,Korvest Ltd,Capital Goods
KP2,Kore Potash Plc,Materials
KPG,Kelly Partners Group Holdings Limited,Commercial & Professional Services
KPO,Kalina Power Limited,Utilities
KRM,Kingsrose Mining Limited,Materials
KRR,King River Resources Limited,Materials
KSC,K & S Corporation Limited,Transportation
KSL,Kina Securities Limited,Banks
KSN,Kingston Resources Limited,Materials
KSS,Kleos Space S.A,Commercial & Professional Services
KTA,Krakatoa Resources Limited,Materials
KTG,K-Tig Limited,Capital Goods
KWR,Kingwest Resources Limited,Materials
KYP,Kinatico Ltd,Software & Services
KZA,Kazia Therapeutics Limited,"Pharmaceuticals, Biotechnology & Life Sciences"
KZR,Kalamazoo Resources Limited,Materials
L1M,Lightning Minerals Ltd,Materials
LAM,Laramide Resources Ltd,Energy
LAU,Lindsay Australia Limited,Transportation
LAW,Lawfinance Limited,Diversified Financials
LBL,Laserbond Limited,Capital Goods
LBT,Lbt Innovations Limited,Health Care Equipment & Services
LBY,Laybuy Group Holdings Limited,Software & Services
LCE,London City Equities Limited,Diversified Financials
LCL,Los Cerros Limited,Materials
LCT,Living Cell Technologies Limited,"Pharmaceuticals, Biotechnology & Life Sciences"
LCY,Legacy Iron Ore Limited,Materials
LDR,Lode Resources Ltd,Materials
LDX,Lumos Diagnostics Holdings Limited,Health Care Equipment & Services
LEG,Legend Mining Limited,Materials
LEL,Lithium Energy Limited,Materials
LER,Leaf Resources Ltd,Materials
LEX,Lefroy Exploration Limited,Materials
LFG,Liberty Financial Group,Banks
LFS,Latitude Group Holdings Limited,Diversified Financials
LGI,Lgi Limited,Utilities
LGL,Lynch Group Holdings Limited,"Food, Beverage & Tobacco"
LGM,Legacy Minerals Holdings Limited,Materials
LGP,Little Green Pharma Ltd,"Pharmaceuticals, Biotechnology & Life Sciences"
LHM,Land & Homes Group Limited,Real Estate
LIC,Lifestyle Communities Limited,Real Estate
LIN,Lindian Resources Limited,Materials
LIO,Lion Energy Limited,Energy
LIS,Li-S Energy Limited,Capital Goods
LIT,Lithium Australia Limited,Materials
LKE,Lake Resources N.L.,Materials
LKO,Lakes Blue Energy Nl,Energy
LKY,Locksley Resources Limited,Materials
LLC,Lendlease Group,Real Estate
LLI,Loyal Lithium Limited,Materials
LLL,Leo Lithium Limited,Materials
LLO,Lion One Metals Limited,Materials
LM8,Lunnon Metals Limited,Materials
LME,Limeade Inc.,Software & Services
LMG,Latrobe Magnesium Limited,Materials
LML,Lincoln Minerals Limited,Materials
LNK,Link Administration Holdings Limited,Software & Services
LNR,Lanthanein Resources Ltd,Materials
LNU,Linius Technologies Limited,Software & Services
LOM,Lucapa Diamond Company Limited,Materials
LOT,Lotus Resources Limited,Materials
LOV,Lovisa Holdings Limited,Retailing
LPD,Lepidico Ltd,Materials
LPE,Locality Planning Energy Holdings Limited,Utilities
LPI,Lithium Power International Limited,Materials
LPM,Lithium Plus Minerals Ltd.,Materials
LRD,Lord Resources Limited,Materials
LRK,Lark Distilling Co. Ltd,"Food, Beverage & Tobacco"
LRL,Labyrinth Resources Limited,Materials
LRS,Latin Resources Limited,Materials
LRT,Lowell Resources Fund,Not Applic
LRV,Larvotto Resources Limited,Materials
LSA,Lachlan Star Limited,Materials
LSF,L1 Long Short Fund Limited,Not Applic
LSR,Lodestar Minerals Limited,Materials
LSX,Lion Selection Group Limited.,Not Applic
LTR,Liontown Resources Limited,Materials
LV1,Live Verdure Ltd,"Food, Beverage & Tobacco"
LVE,Love Group Global Ltd,Software & Services
LVH,Livehire Limited,Software & Services
LVT,Livetiles Limited,Software & Services
LYC,Lynas Rare Earths Limited,Materials
LYK,Lykos Metals Limited,Materials
LYL,Lycopodium Limited,Capital Goods
LYN,Lycaon Resources Ltd,Materials
M24,Mamba Exploration Limited,Materials
M2M,Mt Malcolm Mines Nl,Materials
M2R,Miramar Resources Limited,Materials
M3M,M3 Mining Limited,Materials
M7T,Mach7 Technologies Limited,Health Care Equipment & Services
M8S,M8 Sustainable Limited,Commercial & Professional Services
MAD,Mader Group Limited,Commercial & Professional Services
MAF,Ma Financial Group Limited,Diversified Financials
MAG,Magmatic Resources Limited,Materials
MAH,Macmahon Holdings Limited,Materials
MAM,Microequities Asset Management Group Limited,Diversified Financials
MAN,Mandrake Resources Limited,Materials
MAP,Microba Life Sciences Limited,Health Care Equipment & Services
MAQ,Macquarie Telecom Group Limited,Telecommunication Services
MAT,Matsa Resources Limited,Materials
MAU,Magnetic Resources Nl,Materials
MAUCA,Magnetic Resources Nl,Materials
MAY,Melbana Energy Limited,Energy
MBH,Maggie Beer Holdings Ltd,"Food, Beverage & Tobacco"
MBK,Metal Bank Limited,Materials
MBX,My Foodie Box Limited,Food & Staples Retailing
MCA,Murray Cod Australia Limited,"Food, Beverage & Tobacco"
MCE,Matrix Composites & Engineering Limited,Energy
MCL,Mighty Craft Limited,Consumer Services
MCM,Mc Mining Limited,Energy
MCP,Mcpherson'S Limited,Household & Personal Products
MCR,Mincor Resources Nl,Materials
MCT,Metalicity Limited,Materials
MCX,Mariner Corporation Limited,Diversified Financials
MCY,Mercury Nz Limited,Utilities
MDC,Medlab Clinical Limited,"Pharmaceuticals, Biotechnology & Life Sciences"
MDI,Middle Island Resources Limited,Materials
MDR,Medadvisor Limited,Health Care Equipment & Services
MDX,Mindax Limited,Materials
MEA,Mcgrath Limited,Real Estate
MEB,Medibio Limited,Health Care Equipment & Services
MEC,Morphic Ethical Equities Fund Limited,Diversified Financials
MEG,Megado Minerals Ltd,Materials
MEI,Meteoric Resources Nl,Materials
MEK,Meeka Metals Limited,Materials
MEL,Metgasco Ltd,Energy
MEM,Memphasys Limited.,"Pharmaceuticals, Biotechnology & Life Sciences"
MEU,Marmota Limited,Energy
MEZ,Meridian Energy Limited,Utilities
MFB,My Food Bag Group Limited,Retailing
MFD,Mayfield Childcare Limited,Consumer Services
MFF,Mff Capital Investments Limited,Not Applic
MFG,Magellan Financial Group Limited,Diversified Financials
MGA,Metalsgrove Mining Ltd,Materials
MGF,Magellan Global Fund.,Not Applic
MGG,Mogul Games Group Ltd,Media & Entertainment
MGH,Maas Group Holdings Limited,Capital Goods
MGL,Magontec Limited,Materials
MGR,Mirvac Group,Real Estate
MGT,Magnetite Mines Limited.,Materials
MGU,Magnum Mining And Exploration Limited,Materials
MGV,Musgrave Minerals Limited,Materials
MGX,Mount Gibson Iron Limited,Materials
MHC,Manhattan Corporation Limited,Energy
MHI,Merchant House International Limited,Consumer Durables & Apparel
MHJ,Michael Hill International Limited,Retailing
MHK,Metal Hawk Limited.,Materials
MI6,Minerals 260 Limited,Materials
MIH,Mnc Media Investment Ltd,Media & Entertainment
MIL,Millennium Services Group Limited,Commercial & Professional Services
MIN,Mineral Resources Limited,Materials
MIO,Macarthur Minerals Limited,Materials
MIR,Mirrabooka Investments Limited,Not Applic
MKG,Mako Gold Limited,Materials
MKL,Mighty Kingdom Limited,Media & Entertainment
MKM,Mackerel Metals Limited,Class Pend
MKR,Manuka Resources Ltd.,Materials
MLG,Mlg Oz Limited,Materials
MLM,Metallica Minerals Limited,Materials
MLS,Metals Australia Ltd,Materials
MLX,Metals X Limited,Materials
MM1,Midas Minerals Ltd,Materials
MM8,Medallion Metals Limited.,Materials
MMA,Maronan Metals Limited,Materials
MMC,Mitre Mining Corporation Limited,Materials
MME,Moneyme Limited,Diversified Financials
MMI,Metro Mining Limited,Materials
MMM,Marley Spoon Ag,Consumer Services
MMR,Mec Resources Limited,Energy
MMS,Mcmillan Shakespeare Limited,Commercial & Professional Services
MNB,Minbos Resources Limited,Materials
MND,Monadelphous Group Limited,Capital Goods
MNS,Magnis Energy Technologies Ltd,Materials
MNY,Money3 Corporation Limited,Diversified Financials
MOB,Mobilicom Limited,Technology Hardware & Equipment
MOH,Moho Resources Limited,Materials
MOM,Moab Minerals Limited,Materials
MOQ,Moq Limited,Software & Services
MOT,Metrics Income Opportunities Trust,Not Applic
MOV,Move Logistics Group Limited,Transportation
MOZ,Mosaic Brands Limited,Retailing
MP1,Megaport Limited,Software & Services
MPA,Mad Paws Holdings Limited,Retailing
MPG,Many Peaks Gold Limited,Materials
MPL,Medibank Private Limited,Insurance
MPP,Metro Performance Glass Limited,Capital Goods
MPR,Mpower Group Limited,Diversified Financials
MPX,Mustera Property Group Limited,Real Estate
MQG,Macquarie Group Limited,Diversified Financials
MQR,Marquee Resources Limited,Materials
MR1,Montem Resources Limited.,Materials
MRC,Mineral Commodities Ltd,Materials
MRD,Mount Ridley Mines Limited,Materials
MRG,Murray River Organics Group Limited,"Food, Beverage & Tobacco"
MRI,My Rewards International Limited,Commercial & Professional Services
MRIN,My Rewards International Limited,Commercial & Professional Services
MRL,Mayur Resources Limited,Materials
MRM,Mma Offshore Limited,Energy
MRQ,Mrg Metals Limited,Materials
MRR,Minrex Resources Limited,Materials
MRZ,Mont Royal Resources Limited,Materials
MSB,Mesoblast Limited,"Pharmaceuticals, Biotechnology & Life Sciences"
MSG,Mcs Services Limited,Commercial & Professional Services
MSI,Multistack International Limited,Capital Goods
MSL,Msl Solutions Limited.,Software & Services
MSV,Mitchell Services Limited,Materials
MTB,Mount Burgess Mining Nl,Materials
MTC,Metalstech Limited,Materials
MTH,Mithril Resources Limited,Materials
MTM,Mt Monger Resources Limited,Materials
MTO,Motorcycle Holdings Limited,Retailing
MTR,Metal Tiger Plc,Materials
MTS,Metcash Limited,Food & Staples Retailing
MVF,Monash Ivf Group Limited,Health Care Equipment & Services
MVL,Marvel Gold Limited,Materials
MVP,Medical Developments International Limited,"Pharmaceuticals, Biotechnology & Life Sciences"
MWY,Midway Limited,Materials
MX1,Micro-X Limited,Health Care Equipment & Services
MXC,Mgc Pharmaceuticals Ltd,"Pharmaceuticals, Biotechnology & Life Sciences"
MXI,Maxiparts Limited,Capital Goods
MXO,Motio Ltd,Media & Entertainment
MXR,Maximus Resources Limited,Materials
MXT,Metrics Master Income Trust,Not Applic
MYE,Metarock Group Limited,Materials
MYG,Mayfield Group Holdings Limited,Capital Goods
MYL,Mallee Resources Limited,Materials
MYR,Myer Holdings Limited,Retailing
MYS,Mystate Limited,Banks
MYX,Mayne Pharma Group Limited,"Pharmaceuticals, Biotechnology & Life Sciences"
MZZ,Matador Mining Limited,Materials
N1H,N1 Holdings Limited,Banks
NAB,National Australia Bank Limited,Banks
NAC,Naos Ex-50 Opportunities Company Limited,Not Applic
NAE,New Age Exploration Limited,Energy
NAG,Nagambie Resources Limited,Materials
NAM,Namoi Cotton Limited,Commercial & Professional Services
NAN,Nanosonics Limited,Health Care Equipment & Services
NBI,Nb Global Corporate Income Trust,Not Applic
NC1,Nico Resources Limited,Materials
NC6,Nanollose Limited,"Pharmaceuticals, Biotechnology & Life Sciences"
NCC,Naos Emerging Opportunities Company Limited,Not Applic
NCK,Nick Scali Limited,Retailing
NCL,Netccentric Limited,Media & Entertainment
NCM,Newcrest Mining Limited,Materials
NCR,Nucoal Resources Limited,Materials
NCZ,New Century Resources Limited,Materials
NEA,Nearmap Ltd,Software & Services
NEC,Nine Entertainment Co. Holdings Limited,Media & Entertainment
NES,Nelson Resources Limited.,Materials
NESN,Nelson Resources Limited.,Materials
NET,Netlinkz Limited,Software & Services
NEU,Neuren Pharmaceuticals Limited,"Pharmaceuticals, Biotechnology & Life Sciences"
NEW,New Energy Solar Limited,Utilities
NFL,Norfolk Metals Limited,Materials
NGE,Nge Capital Limited,Not Applic
NGI,Navigator Global Investments Limited,Diversified Financials
NGL,Nightingale Intelligent Systems Inc,Capital Goods
NGS,Nutritional Growth Solutions Ltd,Household & Personal Products
NGY,Nuenergy Gas Limited,Energy
NHC,New Hope Corporation Limited,Energy
NHE,Noble Helium Limited,Energy
NHF,Nib Holdings Limited,Insurance
NIC,Nickel Industries Limited,Materials
NIM,Nimy Resources Limited,Materials
NIS,Nickelsearch Limited,Materials
NKL,Nickelx Limited,Materials
NME,Nex Metals Exploration Limited,Materials
NML,Navarre Minerals Limited,Materials
NMR,Native Mineral Resources Holdings Limited,Materials
NMT,Neometals Ltd,Materials
NNG,Nexion Group Ltd,Software & Services
NNL,Nordic Nickel Limited,Materials
NOL,Nobleoak Life Limited,Insurance
NOR,Norwood Systems Limited,Software & Services
NOU,Noumi Limited,"Food, Beverage & Tobacco"
NOV,Novatti Group Limited,Software & Services
NOX,Noxopharm Limited,"Pharmaceuticals, Biotechnology & Life Sciences"
NPM,Newpeak Metals Limited,Materials
NPR,Newmark Property Reit,Real Estate
NRL,Northam Resources Limited,Class Pend
NRX,Noronex Limited,Materials
NRZ,Neurizer Ltd,Energy
NSB,Neuroscientific Biopharmaceuticals Ltd,"Pharmaceuticals, Biotechnology & Life Sciences"
NSC,Naos Small Cap Opportunities Company Limited,Not Applic
NSM,North Stawell Minerals Ltd,Materials
NSR,National Storage Reit,Real Estate
NST,Northern Star Resources Ltd,Materials
NSX,Nsx Limited,Diversified Financials
NTD,National Tyre & Wheel Limited,Retailing
NTI,Neurotech International Limited,Health Care Equipment & Services
NTL,New Talisman Gold Mines Limited,Materials
NTM,Nt Minerals Limited,Materials
NTO,Nitro Software Limited,Software & Services
NTU,Northern Minerals Limited,Materials
NUC,Nuchev Limited,"Food, Beverage & Tobacco"
NUF,Nufarm Limited,Materials
NUH,Nuheara Limited,Technology Hardware & Equipment
NVA,Nova Minerals Limited,Materials
NVU,Nanoveu Limited,Technology Hardware & Equipment
NVX,Novonix Limited,Technology Hardware & Equipment
NWC,New World Resources Limited,Materials
NWE,Norwest Energy Nl,Energy
NWF,Newfield Resources Limited,Materials
NWH,Nrw Holdings Limited,Capital Goods
NWL,Netwealth Group Limited,Diversified Financials
NWM,Norwest Minerals Limited,Materials
NWS,News Corporation..,Media & Entertainment
NWSLV,News Corporation..,Media & Entertainment
NXG,Nexgen Energy (Canada) Ltd,Energy
NXL,Nuix Limited,Software & Services
NXM,Nexus Minerals Limited,Materials
NXS,Next Science Limited,Health Care Equipment & Services
NXT,Nextdc Limited,Software & Services
NYM,Narryer Metals Limited,Materials
NYR,Nyrada Inc.,"Pharmaceuticals, Biotechnology & Life Sciences"
NZK,New Zealand King Salmon Investments Limited,"Food, Beverage & Tobacco"
NZM,Nzme Limited,Media & Entertainment
NZO,New Zealand Oil & Gas Limited,Energy
NZS,New Zealand Coastal Seafoods Limited,"Food, Beverage & Tobacco"
OAK,Oakridge International Limited,Software & Services
OAR,Oar Resources Limited,Materials
OAU,Ora Gold Limited,Materials
OBL,Omni Bridgeway Limited,Diversified Financials
OBM,Ora Banda Mining Ltd,Materials
OCA,Oceania Healthcare Limited,Health Care Equipment & Services
OCC,Orthocell Limited,"Pharmaceuticals, Biotechnology & Life Sciences"
OCL,Objective Corporation Limited,Software & Services
OCN,Oceana Lithium Limited,Materials
OCT,Octava Minerals Limited,Materials
OD6,Od6 Metals Limited,Materials
ODA,Orcoda Limited,Software & Services
ODE,Odessa Minerals Limited,Materials
ODM,Odin Metals Limited,Materials
ODY,Odyssey Gold Ltd,Materials
OEC,Orbital Corporation Limited,Capital Goods
OEL,Otto Energy Limited,Energy
OEQ,Orion Equities Limited,Diversified Financials
OFX,Ofx Group Limited,Diversified Financials
OIL,Optiscan Imaging Limited,Health Care Equipment & Services
OKJ,Oakajee Corporation Limited,Materials
OKR,Okapi Resources Limited,Materials
OLH,Oldfields Holdings Limited,Capital Goods
OLI,Oliver'S Real Food Limited,Consumer Services
OLL,Openlearning Limited,Software & Services
OLLNB,Openlearning Limited,Software & Services
OLY,Olympio Metals Limited,Commercial & Professional Services
OM1,Omnia Metals Group Ltd,Materials
OMA,Omega Oil & Gas Limited,Energy
OMH,Om Holdings Limited,Materials
OML,Ooh!Media Limited,Media & Entertainment
OMX,Orange Minerals Nl,Materials
ONE,Oneview Healthcare Plc,Health Care Equipment & Services
OOK,Ookami Limited,Materials
OPH,Ophir High Conviction Fund,Not Applic
OPL,Opyl Limited,Software & Services
OPN,Openn Negotiation Limited,Commercial & Professional Services
OPT,Opthea Limited,"Pharmaceuticals, Biotechnology & Life Sciences"
OPY,Openpay Group Ltd,Diversified Financials
ORA,Orora Limited,Materials
ORG,Origin Energy Limited,Energy
ORI,Orica Limited,Materials
ORM,Orion Metals Limited,Materials
ORN,Orion Minerals Ltd,Materials
ORP,Orpheus Minerals Ltd,Energy
ORR,Orecorp Limited,Materials
OSL,Oncosil Medical Ltd,"Pharmaceuticals, Biotechnology & Life Sciences"
OSM,Osmond Resources Limited,Materials
OSX,Osteopore Limited,Health Care Equipment & Services
OVN,Oventus Medical Limited,Health Care Equipment & Services
OXT,Orexplore Technologies Limited,Class Pend
OXX,Octanex Limited,Energy
OZL,Oz Minerals Limited,Materials
OZM,Ozaurum Resources Limited,Materials
OZZ,Ozz Resources Limited,Materials
PAA,Pharmaust Limited,"Pharmaceuticals, Biotechnology & Life Sciences"
PAB,Patrys Limited,"Pharmaceuticals, Biotechnology & Life Sciences"
PAC,Pacific Current Group Limited,Diversified Financials
PAI,Platinum Asia Investments Limited,Not Applic
PAM,Pan Asia Metals Limited,Materials
PAN,Panoramic Resources Limited,Materials
PAR,Paradigm Biopharmaceuticals Limited..,"Pharmaceuticals, Biotechnology & Life Sciences"
PAT,Patriot Lithium Limited,Materials
PBH,Pointsbet Holdings Limited,Consumer Services
PBL,Parabellum Resources Limited,Materials
PBP,Probiotec Limited,"Pharmaceuticals, Biotechnology & Life Sciences"
PCG,Pengana Capital Group Limited,Diversified Financials
PCI,Perpetual Credit Income Trust,Not Applic
PCK,Painchek Ltd,Health Care Equipment & Services
PCL,Pancontinental Energy Nl,Energy
PDI,Predictive Discovery Limited,Materials
PDL,Pendal Group Limited,Diversified Financials
PDN,Paladin Energy Ltd,Energy
PE1,Pengana Private Equity Trust,Not Applic
PEB,Pacific Edge Limited,"Pharmaceuticals, Biotechnology & Life Sciences"
PEC,Perpetual Resources Limited,Materials
PEK,Peak Rare Earths Limited,Materials
PEN,Peninsula Energy Limited,Energy
PET,Phoslock Environmental Technologies Limited,Commercial & Professional Services
PEX,Peel Mining Limited,Materials
PF1,Pathfinder Resources Ltd,Materials
PFE,Pantera Minerals Limited,Materials
PFG,Prime Financial Group Limited,Diversified Financials
PFP,Propel Funeral Partners Limited,Consumer Services
PFT,Pure Foods Tasmania Limited,"Food, Beverage & Tobacco"
PG1,Pearl Global Limited,Commercial & Professional Services
PGC,Paragon Care Limited,Health Care Equipment & Services
PGD,Peregrine Gold Ltd,Materials
PGF,Pm Capital Global Opportunities Fund Limited,Not Applic
PGG,Partners Group Global Income Fund,Not Applic
PGH,Pact Group Holdings Ltd,Materials
PGL,Prospa Group Limited.,Diversified Financials
PGM,Platina Resources Limited,Materials
PGO,Pacgold Limited,Materials
PGY,Pilot Energy Limited,Energy
PH2,Pure Hydrogen Corporation Limited,Energy
PHL,Propell Holdings Limited,Diversified Financials
PHO,Phosco Ltd,Materials
PIA,Pengana International Equities Limited,Not Applic
PIC,Perpetual Equity Investment Company Limited,Not Applic
PIL,Peppermint Innovation Limited,Software & Services
PIM,Pinnacle Minerals Limited,Materials
PIQ,Proteomics International Laboratories Ltd,"Pharmaceuticals, Biotechnology & Life Sciences"
PKD,Parkd Ltd,Commercial & Professional Services
PKO,Peako Limited,Materials
PL8,Plato Income Maximiser Limited.,Not Applic
PLG,Pearl Gull Iron Limited,Materials
PLL,Piedmont Lithium Inc.,Materials
PLS,Pilbara Minerals Limited,Materials
PLT,Plenti Group Limited,Diversified Financials
PLY,Playside Studios Limited,Media & Entertainment
PMC,Platinum Capital Limited,Not Applic
PME,Pro Medicus Limited,Health Care Equipment & Services
PMT,Patriot Battery Metals Inc.,Class Pend
PMV,Premier Investments Limited,Retailing
PNC,Pioneer Credit Limited,Diversified Financials
PNI,Pinnacle Investment Management Group Limited,Diversified Financials
PNM,Pacific Nickel Mines Limited,Materials
PNN,Power Minerals Limited,Materials
PNR,Pantoro Limited,Materials
PNT,Panther Metals Ltd,Materials
PNV,Polynovo Limited,Health Care Equipment & Services
PNX,Pnx Metals Limited,Materials
PO3,Purifloh Limited,Utilities
POD,Podium Minerals Limited,Materials
POL,Polymetals Resources Ltd,Materials
POS,Poseidon Nickel Limited,Materials
POW,Protean Energy Limited,Capital Goods
PPC,Peet Limited,Real Estate
PPE,Peoplein Limited,Commercial & Professional Services
PPG,Pro-Pac Packaging Limited,Materials
PPH,Pushpay Holdings Limited,Software & Services
PPK,Ppk Group Limited,Capital Goods
PPL,Pureprofile Ltd,Media & Entertainment
PPM,Pepper Money Limited,Banks
PPS,Praemium Limited,Software & Services
PPT,Perpetual Limited,Diversified Financials
PPY,Papyrus Australia Limited,Materials
PR1,Pure Resources Limited,Materials
PRL,Province Resources Ltd,Materials
PRM,Prominence Energy Limited,Energy
PRN,Perenti Limited,Materials
PRO,Prophecy International Holdings Limited,Software & Services
PRS,Prospech Limited.,Materials
PRT,Prt Company Limited,Media & Entertainment
PRU,Perseus Mining Limited,Materials
PRX,Prodigy Gold Nl,Materials
PSC,Prospect Resources Limited,Materials
PSI,Psc Insurance Group Limited,Insurance
PSL,Paterson Resources Ltd,Materials
PSQ,Pacific Smiles Group Limited,Health Care Equipment & Services
PTB,Ptb Group Limited,Capital Goods
PTG,Proptech Group Limited,Software & Services
PTL,Pental Limited,Household & Personal Products
PTM,Platinum Asset Management Limited,Diversified Financials
PTR,Petratherm Ltd,Materials
PTX,Prescient Therapeutics Limited,"Pharmaceuticals, Biotechnology & Life Sciences"
PUA,Peak Minerals Limited,Materials
PUR,Pursuit Minerals Ltd,Materials
PV1,Provaris Energy Ltd,Energy
PVE,Po Valley Energy Limited,Energy
PVL,Powerhouse Ventures Limited,Diversified Financials
PVS,Pivotal Systems Corporation,Semiconductors & Semiconductor Equipment
PVW,Pvw Resources Limited,Materials
PWH,Pwr Holdings Limited,Automobiles & Components
PWN,Parkway Corporate Limited,Materials
PWR,Peter Warren Automotive Holdings Limited,Retailing
PXA,Pexa Group Limited,Real Estate
PXS,Pharmaxis Ltd,"Pharmaceuticals, Biotechnology & Life Sciences"
PXX,Polarx Limited,Materials
PXXN,Polarx Limited,Materials
PYC,Pyc Therapeutics Limited,"Pharmaceuticals, Biotechnology & Life Sciences"
PYG,Paygroup Limited,Software & Services
PYR,Payright Limited,Diversified Financials
QAL,Qualitas Limited,Diversified Financials
QAN,Qantas Airways Limited,Transportation
QBE,Qbe Insurance Group Limited,Insurance
QEM,Qem Limited,Materials
QFE,Quickfee Limited,Diversified Financials
QGL,Quantum Graphite Limited,Materials
QHL,Quickstep Holdings Limited,Capital Goods
QIP,Qantm Intellectual Property Limited,Commercial & Professional Services
QML,Qmines Limited,Materials
QPM,Queensland Pacific Metals Limited,Materials
QRI,Qualitas Real Estate Income Fund,Not Applic
QUB,Qube Holdings Limited,Transportation
QUE,Queste Communications Limited,Diversified Financials
QVE,Qv Equities Limited,Not Applic
QXR,Qx Resources Limited,Materials
R3D,R3D Resources Limited,Media & Entertainment
R8R,Regener8 Resources Nl,Materials
RAC,Race Oncology Ltd,"Pharmaceuticals, Biotechnology & Life Sciences"
RAD,Radiopharm Theranostics Limited,"Pharmaceuticals, Biotechnology & Life Sciences"
RAG,Ragnar Metals Limited,Materials
RAN,Range International Limited,Materials
RAS,Ragusa Minerals Ltd,Diversified Financials
RB6,Rubix Resources Limited,Materials
RBD,Restaurant Brands New Zealand Limited,Consumer Services
RBL,Redbubble Limited,Retailing
RBR,Rbr Group Limited,Materials
RBX,Resource Base Limited.,Materials
RC1,Redcastle Resources Limited,Materials
RCE,Recce Pharmaceuticals Ltd,"Pharmaceuticals, Biotechnology & Life Sciences"
RCL,Readcloud Limited,Software & Services
RCR,Rincon Resources Limited,Materials
RCT,Reef Casino Trust,Consumer Services
RCW,Rightcrowd Limited,Software & Services
RDG,Resource Development Group Limited,Capital Goods
RDM,Red Metal Limited,Materials
RDN,Raiden Resources Limited,Materials
RDS,Redstone Resources Limited,Materials
RDT,Red Dirt Metals Limited,Materials
RDY,Readytech Holdings Limited,Software & Services
REA,Rea Group Ltd,Media & Entertainment
REC,Recharge Metals Limited,Materials
RED,Red 5 Limited,Materials
REE,Rarex Limited,Materials
REG,Regis Healthcare Limited,Health Care Equipment & Services
REH,Reece Limited,Capital Goods
REM,Remsense Technologies Limited,Capital Goods
REP,Ram Essential Services Property Fund,Real Estate
REX,Regional Express Holdings Limited,Transportation
REY,Rey Resources Limited,Energy
REZ,Resources & Energy Group Limited,Materials
RF1,Regal Investment Fund,Not Applic
RFA,Rare Foods Australia Limited,"Food, Beverage & Tobacco"
RFF,Rural Funds Group,Real Estate
RFG,Retail Food Group Limited,Consumer Services
RFR,Rafaella Resources Ltd.,Materials
RFT,Rectifier Technologies Ltd,Capital Goods
RFX,Redflow Limited,Capital Goods
RGI,Roto-Gro International Limited,Capital Goods
RGL,Riversgold Limited,Materials
RGS,Regeneus Ltd,"Pharmaceuticals, Biotechnology & Life Sciences"
RHC,Ramsay Health Care Limited,Health Care Equipment & Services
RHI,Red Hill Iron Limited,Materials
RHT,Resonance Health Limited,Health Care Equipment & Services
RHY,Rhythm Biosciences Limited,Health Care Equipment & Services
RIC,Ridley Corporation Limited,"Food, Beverage & Tobacco"
RIE,Riedel Resources Limited,Materials
RIM,Rimfire Pacific Mining Limited,Materials
RIO,Rio Tinto Limited,Materials
RKN,Reckon Limited,Software & Services
RLC,Reedy Lagoon Corporation Limited,Materials
RLF,Rlf Agtech Ltd,Materials
RLG,Roolife Group Ltd,Media & Entertainment
RLT,Renergen Limited,Energy
RMC,Resimac Group Ltd,Banks
RMD,Resmed Inc,Health Care Equipment & Services
RMI,Resource Mining Corporation Limited,Materials
RML,Resolution Minerals Ltd,Materials
RMS,Ramelius Resources Limited,Materials
RMX,Red Mountain Mining Limited,Materials
RMY,Rma Global Limited,Media & Entertainment
RND,Rand Mining Limited,Materials
RNE,Renu Energy Limited,Utilities
RNO,Rhinomed Limited,"Pharmaceuticals, Biotechnology & Life Sciences"
RNT,Rent.Com.Au Limited,Media & Entertainment
RNU,Renascor Resources Limited,Energy
RNX,Renegade Exploration Limited,Materials
ROC,Rocketboots Limited,Software & Services
ROG,Red Sky Energy Limited.,Energy
RON,Ronin Resources Ltd,Materials
ROO,Roots Sustainable Agricultural Technologies Ltd,Capital Goods
RPG,Raptis Group Limited,Real Estate
RPL,Regal Partners Limited,Diversified Financials
RPM,Rpm Automotive Group Limited,Automobiles & Components
RR1,Reach Resources Limited,Materials
RRL,Regis Resources Limited,Materials
RRR,Revolver Resources Holdings Ltd,Materials
RSG,Resolute Mining Limited,Materials
RSH,Respiri Limited,Health Care Equipment & Services
RTE,Retech Technology Co. Limited,Consumer Services
RTG,Rtg Mining Inc.,Materials
RTH,Ras Technology Holdings Limited,Commercial & Professional Services
RTR,Rumble Resources Limited,Materials
RUL,Rpmglobal Holdings Limited,Software & Services
RVR,Red River Resources Limited,Materials
RVS,Revasum Inc.,Semiconductors & Semiconductor Equipment
RVT,Richmond Vanadium Technology Limited,Class Pend
RWC,Reliance Worldwide Corporation Limited,Capital Goods
RWD,Reward Minerals Ltd,Materials
RWL,Rubicon Water Limited,Technology Hardware & Equipment
RXH,Rewardle Holdings Limited,Media & Entertainment
RXL,Rox Resources Limited,Materials
RXM,Rex Minerals Limited,Materials
RYD,Ryder Capital Limited,Not Applic
RZI,Raiz Invest Limited,Diversified Financials
S2R,S2 Resources Ltd,Materials
S32,South32 Limited,Materials
S3N,Sensore Ltd.,Class Pend
S66,Star Combo Pharma Limited,Household & Personal Products
SAN,Sagalio Energy Limited,Energy
SAU,Southern Gold Limited,Materials
SB2,Salter Brothers Emerging Companies Limited,Not Applic
SBM,St Barbara Limited,Materials
SBR,Sabre Resources Limited,Materials
SBW,Shekel Brainweigh Ltd,Software & Services
SC1,Source Certain International Limited,Commercial & Professional Services
SCG,Scentre Group,Real Estate
SCL,Schrole Group Ltd,Software & Services
SCN,Scorpion Minerals Limited,Materials
SCP,Shopping Centres Australasia Property Group,Real Estate
SCT,Scout Security Limited,Consumer Services
SCU,Stemcell United Limited,"Pharmaceuticals, Biotechnology & Life Sciences"
SCUN,Stemcell United Limited,"Pharmaceuticals, Biotechnology & Life Sciences"
SDF,Steadfast Group Limited,Insurance
SDG,Sunland Group Limited,Real Estate
SDI,Sdi Limited,Health Care Equipment & Services
SDR,Siteminder Limited,Consumer Services
SDV,Scidev Ltd,Materials
SE1,Sensera Limited,Semiconductors & Semiconductor Equipment
SEC,Spheria Emerging Companies Limited,Not Applic
SEG,Sports Entertainment Group Limited,Media & Entertainment
SEK,Seek Limited,Media & Entertainment
SEN,Senetas Corporation Limited,Technology Hardware & Equipment
SEQ,Sequoia Financial Group Ltd,Diversified Financials
SER,Strategic Energy Resources Limited,Materials
SES,Secos Group Ltd,Materials
SFC,Schaffer Corporation Limited,Automobiles & Components
SFG,Seafarms Group Limited,"Food, Beverage & Tobacco"
SFM,Santa Fe Minerals Ltd,Materials
SFR,Sandfire Resources Limited,Materials
SFX,Sheffield Resources Limited,Materials
SGA,Sarytogan Graphite Limited,Materials
SGC,Sacgasco Limited,Energy
SGF,Sg Fleet Group Limited,Commercial & Professional Services
SGH,Slater & Gordon Limited,Consumer Services
SGI,Stealth Global Holdings Ltd,Capital Goods
SGLLV,Ricegrowers Limited,"Food, Beverage & Tobacco"
SGM,Sims Limited,Materials
SGP,Stockland,Real Estate
SGQ,St George Mining Limited,Materials
SGR,The Star Entertainment Group Limited,Consumer Services
SHA,Shape Australia Corporation Limited,Capital Goods
SHE,Stonehorse Energy Limited,Energy
SHG,Singular Health Group Ltd,Health Care Equipment & Services
SHH,Shree Minerals Limited,Materials
SHJ,Shine Justice Ltd,Consumer Services
SHL,Sonic Healthcare Limited,Health Care Equipment & Services
SHM,Shriro Holdings Limited,Consumer Durables & Apparel
SHN,Sunshine Gold Limited,Materials
SHO,Sportshero Limited,Media & Entertainment
SHP,South Harz Potash Ltd,Materials
SHV,Select Harvests Limited,"Food, Beverage & Tobacco"
SI6,Si6 Metals Limited,Materials
SIG,Sigma Healthcare Limited,Health Care Equipment & Services
SIH,Sihayo Gold Limited,Materials
SIO,Simonds Group Limited,Consumer Durables & Apparel
SIQ,Smartgroup Corporation Ltd,Commercial & Professional Services
SIS,Simble Solutions Limited,Software & Services
SIT,Site Group International Limited,Consumer Services
SIV,Siv Capital Limited,Capital Goods
SIX,Sprintex Limited,Automobiles & Components
SKC,Skycity Entertainment Group Limited,Consumer Services
SKF,Skyfii Ltd,Software & Services
SKN,Skin Elements Limited,Household & Personal Products
SKO,Serko Limited,Software & Services
SKS,Sks Technologies Group Limited,Capital Goods
SKT,Sky Network Television Limited.,Media & Entertainment
SKY,Sky Metals Limited,Materials
SLA,Silk Laser Australia Limited,Health Care Equipment & Services
SLB,Stelar Metals Limited,Class Pend
SLC,Superloop Limited,Telecommunication Services
SLH,Silk Logistics Holdings Limited,Transportation
SLM,Solis Minerals Ltd.,Materials
SLR,Silver Lake Resources Limited,Materials
SLS,Solstice Minerals Limited,Materials
SLX,Silex Systems Limited,Semiconductors & Semiconductor Equipment
SLZ,Sultan Resources Ltd,Materials
SM1,Synlait Milk Limited,"Food, Beverage & Tobacco"
SMI,Santana Minerals Limited,Materials
SMN,Structural Monitoring Systems Plc,Technology Hardware & Equipment
SMP,Smartpay Holdings Limited,Software & Services
SMR,Stanmore Resources Limited,Energy
SMS,Star Minerals Limited,Materials
SMX,Security Matters Limited,Software & Services
SNC,Sandon Capital Investments Limited,Not Applic
SND,Saunders International Limited,Capital Goods
SNG,Siren Gold Limited,Materials
SNL,Supply Network Limited,Retailing
SNS,Sensen Networks Limited,Software & Services
SNX,Sierra Nevada Gold Inc.,Materials
SNZ,Summerset Group Holdings Limited,Health Care Equipment & Services
SO4,Salt Lake Potash Limited,Materials
SOL,Washington H Soul Pattinson & Company Limited,Energy
SOM,Somnomed Limited,Health Care Equipment & Services
SOP,Synertec Corporation Limited,Commercial & Professional Services
SOR,Strategic Elements Limited,Diversified Financials
SOV,Sovereign Cloud Holdings Limited,Software & Services
SP3,Spectur Limited,Technology Hardware & Equipment
SPA,Spacetalk Ltd,Software & Services
SPD,Southern Palladium Limited,Materials
SPK,Spark New Zealand Limited,Telecommunication Services
SPL,Starpharma Holdings Limited,"Pharmaceuticals, Biotechnology & Life Sciences"
SPN,Sparc Technologies Limited,Materials
SPQ,Superior Resources Limited,Materials
SPT,Splitit Payments Ltd,Software & Services
SPX,Spenda Limited,Software & Services
SPZ,Smart Parking Limited,Technology Hardware & Equipment
SQ2,Block Inc.,Software & Services
SRG,Srg Global Limited,Capital Goods
SRH,Saferoads Holdings Limited,Transportation
SRI,Sipa Resources Limited,Materials
SRJ,Srj Technologies Group Plc,Energy
SRK,Strike Resources Limited,Materials
SRL,Sunrise Energy Metals Limited,Materials
SRN,Surefire Resources Nl,Materials
SRR,Sarama Resources Ltd,Materials
SRV,Servcorp Limited,Real Estate
SRX,Sierra Rutile Holdings Limited,Materials
SRY,Story-I Limited,Retailing
SRZ,Stellar Resources Limited,Materials
SSG,Shaver Shop Group Limited,Retailing
SSH,Ssh Group Ltd,Energy
SSL,Sietel Limited,Real Estate
SSM,Service Stream Limited,Capital Goods
SSR,Ssr Mining Inc.,Materials
SST,Steamships Trading Company Limited,Capital Goods
ST1,Spirit Technology Solutions Ltd,Telecommunication Services
STA,Strandline Resources Limited,Materials
STG,Straker Translations Limited,Media & Entertainment
STK,Strickland Metals Limited,Materials
STM,Sunstone Metals Ltd,Materials
STN,Saturn Metals Limited,Materials
STO,Santos Limited,Energy
STP,Step One Clothing Limited,Retailing
STX,Strike Energy Limited,Energy
SUH,Southern Hemisphere Mining Limited,Materials
SUL,Super Retail Group Limited,Retailing
SUM,Summit Minerals Limited,Materials
SUN,Suncorp Group Limited,Insurance
SUV,Suvo Strategic Minerals Limited,Materials
SVG,Savannah Goldfields Limited,Materials
SVL,Silver Mines Limited,Materials
SVM,Sovereign Metals Limited,Materials
SVW,Seven Group Holdings Limited,Capital Goods
SVY,Stavely Minerals Limited,Materials
SW1,Swift Networks Group Limited,Media & Entertainment
SWF,Selfwealth Limited,Diversified Financials
SWM,Seven West Media Limited,Media & Entertainment
SWP,Swoop Holdings Limited,Telecommunication Services
SXE,Southern Cross Electrical Engineering Ltd,Capital Goods
SXG,Southern Cross Gold Ltd,Materials
SXL,Southern Cross Media Group Limited,Media & Entertainment
SYA,Sayona Mining Limited,Materials
SYM,Symbio Holdings Limited,Telecommunication Services
SYN,Synergia Energy Ltd,Energy
SYR,Syrah Resources Limited,Materials
SYT,Syntonic Limited,Software & Services
SZL,Sezzle Inc.,Software & Services
T1G,Tiger Tasman Minerals Limited,Materials
T3D,333D Limited,Commercial & Professional Services
T3K,Tek-Ocean Group Limited,Energy
T88,Taiton Resources Limited,Materials
T92,Terra Uranium Limited,Energy
TAH,Tabcorp Holdings Limited,Consumer Services
TAM,Tanami Gold Nl,Materials
TAR,Taruga Minerals Limited,Materials
TAS,Tasman Resources Ltd,Materials
TBA,Tombola Gold Ltd,Materials
TBN,Tamboran Resources Limited,Energy
TBR,Tribune Resources Limited,Materials
TCF,360 Capital Enhanced Income Fund,Not Applic
TCG,Turaco Gold Limited,Materials
TCL,Transurban Group,Transportation
TCO,Transmetro Corporation Limited,Consumer Services
TD1,Tali Digital Limited,Health Care Equipment & Services
TDO,3D Oil Limited,Energy
TEE,Top End Energy Limited,Energy
TEG,Triangle Energy (Global) Limited,Energy
TEK,Thorney Technologies Ltd,Not Applic
TEM,Tempest Minerals Limited,Materials
TER,Terracom Limited,Energy
TFL,Tasfoods Limited,"Food, Beverage & Tobacco"
TG1,Techgen Metals Ltd,Materials
TG6,Tg Metals Limited,Materials
TGA,Thorn Group Limited,Retailing
TGF,Tribeca Global Natural Resources Limited,Not Applic
TGH,Terragen Holdings Limited,Materials
TGM,Theta Gold Mines Limited,Materials
TGN,Tungsten Mining Nl,Materials
TGP,360 Capital Group,Real Estate
TGR,Tassal Group Limited,"Food, Beverage & Tobacco"
THL,Tourism Holdings Rentals Limited,Transportation
THR,Thor Mining Plc,Materials
TI1,Tombador Iron Limited,Real Estate
TIA,Tian An Australia Limited,Real Estate
TIE,Tietto Minerals Limited,Materials
TIG,Tigers Realm Coal Limited,Materials
TIP,Teaminvest Private Group Limited,Diversified Financials
TKL,Traka Resources Limited,Materials
TKM,Trek Metals Limited,Materials
TLC,The Lottery Corporation Limited,Consumer Services
TLG,Talga Group Ltd,Materials
TLM,Talisman Mining Limited,Materials
TLS,Telstra Group Limited,Telecommunication Services
TLX,Telix Pharmaceuticals Limited,"Pharmaceuticals, Biotechnology & Life Sciences"
TMB,Tambourah Metals Ltd,Materials
TMG,Trigg Minerals Limited,Materials
TMH,The Market Herald Limited,Media & Entertainment
TMK,Tmk Energy Limited,Energy
TML,Timah Resources Limited,Utilities
TMR,Tempus Resources Ltd,Materials
TMS,Tennant Minerals Limited,Materials
TMT,Technology Metals Australia Limited,Materials
TMX,Terrain Minerals Limited,Materials
TMZ,Thomson Resources Limited,Materials
TNE,Technology One Limited,Software & Services
TNG,Tng Limited,Materials
TNT,Tesserent Limited,Software & Services
TNY,Tinybeans Group Ltd,Media & Entertainment
TOE,Toro Energy Limited,Energy
TON,Triton Minerals Ltd,Materials
TOP,Thorney Opportunities Ltd,Not Applic
TOR,Torque Metals Limited..,Materials
TOT,360 Capital Reit,Diversified Financials
TOU,Tlou Energy Limited,Energy
TOY,Toys'R'Us Anz Limited,Retailing
TPC,Tpc Consolidated Limited,Utilities
TPD,Talon Energy Ltd,Energy
TPG,Tpg Telecom Limited.,Telecommunication Services
TPO,Tian Poh Resources Limited,Materials
TPW,Temple & Webster Group Ltd,Retailing
TRA,Turners Automotive Group Limited,Retailing
TRE,Toubani Resources Inc.,Class Pend
TRJ,Trajan Group Holdings Limited,"Pharmaceuticals, Biotechnology & Life Sciences"
TRM,Truscott Mining Corporation Limited,Materials
TRP,Tissue Repair Ltd,"Pharmaceuticals, Biotechnology & Life Sciences"
TRS,The Reject Shop Limited,Retailing
TRT,Todd River Resources Limited,Materials
TRU,Truscreen Group Limited,Health Care Equipment & Services
TRY,Troy Resources Limited,Materials
TSC,Twenty Seven Co. Limited,Energy
TSI,Top Shelf International Holdings Ltd,"Food, Beverage & Tobacco"
TSK,Task Group Holdings Limited,Software & Services
TSL,Titanium Sands Limited,Materials
TSN,The Sustainable Nutrition Group Ltd,"Food, Beverage & Tobacco"
TSO,Tesoro Gold Ltd,Materials
TTA,Tta Holdings Limited,Retailing
TTB,Total Brain Limited,Health Care Equipment & Services
TTI,Traffic Technologies Ltd.,Transportation
TTM,Titan Minerals Limited,Materials
TTT,Titomic Limited,Materials
TUA,Tuas Limited,Telecommunication Services
TUL,Tulla Resources Plc,Materials
TVL,Touch Ventures Limited,Diversified Financials
TWD,Tamawood Limited,Consumer Durables & Apparel
TWE,Treasury Wine Estates Limited,"Food, Beverage & Tobacco"
TWR,Tower Limited,Insurance
TYM,Tymlez Group Limited,Software & Services
TYR,Tyro Payments Limited,Software & Services
TYX,Tyranna Resources Limited,Materials
TZL,Tz Limited,Technology Hardware & Equipment
TZN,Terramin Australia Limited.,Materials
UBI,Universal Biosensors Inc.,Health Care Equipment & Services
UBN,Urbanise.Com Limited,Software & Services
UCM,Uscom Limited,Health Care Equipment & Services
UMG,United Malt Group Limited,"Food, Beverage & Tobacco"
UNI,Universal Store Holdings Limited,Retailing
UOS,United Overseas Australia Limited,Real Estate
URF,Us Masters Residential Property Fund,Real Estate
URW,Unibail-Rodamco-Westfield,Real Estate
USQ,Us Student Housing Reit,Real Estate
UUL,Ultima United Limited,Real Estate
UVA,Uvre Limited,Materials
VAL,Valor Resources Limited,Materials
VAN,Vango Mining Limited,Materials
VAR,Variscan Mines Limited,Materials
VBC,Verbrec Limited,Capital Goods
VBS,Vectus Biosystems Limited,"Pharmaceuticals, Biotechnology & Life Sciences"
VCX,Vicinity Centres,Real Estate
VEA,Viva Energy Group Limited,Energy
VEE,Veem Ltd,Capital Goods
VEN,Vintage Energy Ltd,Energy
VG1,Vgi Partners Global Investments Limited,Not Applic
VG8,Vgi Partners Asian Investments Limited,Not Applic
VGL,Vista Group International Limited.,Software & Services
VHT,Volpara Health Technologies Limited,Health Care Equipment & Services
VIA,Viagold Rare Earth Resources Holdings Limited,Materials
VIG,Victor Group Holdings Limited,Software & Services
VIP,Vip Gloves Ltd,Health Care Equipment & Services
VKA,Viking Mines Limited,Materials
VLS,Vita Life Sciences Limited..,"Pharmaceuticals, Biotechnology & Life Sciences"
VMC,Venus Metals Corporation Limited,Materials
VMG,Vdm Group Limited,Capital Goods
VML,Vital Metals Limited,Materials
VMM,Viridis Mining And Minerals Limited,Materials
VMS,Venture Minerals Limited,Materials
VMT,Vmoto Limited,Automobiles & Components
VN8,Vonex Limited..,Telecommunication Services
VNT,Ventia Services Group Limited,Capital Goods
VOL,Victory Offices Limited,Real Estate
VPR,Volt Power Group Limited,Utilities
VR1,Vection Technologies Ltd,Software & Services
VR8,Vanadium Resources Limited,Materials
VRC,Volt Resources Limited,Materials
VRS,Veris Limited,Commercial & Professional Services
VRX,Vrx Silica Limited,Materials
VSL,Vulcan Steel Limited,Materials
VSR,Voltaic Strategic Resources Ltd,Energy
VTG,Vita Group Limited,Retailing
VTI,Visioneering Technologies Inc.,Health Care Equipment & Services
VTX,Vertex Minerals Limited,Materials
VUK,Virgin Money Uk Plc,Banks
VUL,Vulcan Energy Resources Limited,Materials
VVA,Viva Leisure Limited,Consumer Services
VYS,Vysarn Limited,Materials
W2V,Way 2 Vat Ltd.,Software & Services
WA1,Wa1 Resources Ltd,Materials
WAA,Wam Active Limited,Not Applic
WAF,West African Resources Limited,Materials
WAK,Wa Kaolin Limited,Materials
WAM,Wam Capital Limited,Not Applic
WAR,Wam Strategic Value Limited,Not Applic
WAT,Waterco Limited,Consumer Durables & Apparel
WAX,Wam Research Limited,Not Applic
WBC,Westpac Banking Corporation,Banks
WBE,Whitebark Energy Ltd,Energy
WBT,Weebit Nano Ltd,Technology Hardware & Equipment
WC1,West Cobar Metals Limited,Materials
WC8,Wildcat Resources Limited,Materials
WCG,Webcentral Ltd,Software & Services
WCN,White Cliff Minerals Limited,Materials
WDS,Woodside Energy Group Ltd,Energy
WEB,Webjet Limited,Retailing
WEC,White Energy Company Limited,Energy
WEL,Winchester Energy Ltd,Energy
WES,Wesfarmers Limited,Retailing
WFL,Wellfully Limited,"Pharmaceuticals, Biotechnology & Life Sciences"
WGB,Wam Global Limited,Not Applic
WGN,Wagners Holding Company Limited,Materials
WGO,Warrego Energy Limited,Energy
WGR,Western Gold Resources Limited.,Materials
WGX,Westgold Resources Limited.,Materials
WHC,Whitehaven Coal Limited,Energy
WHF,Whitefield Industrials Limited,Not Applic
WHK,Whitehawk Limited,Retailing
WIA,Wia Gold Limited,Materials
WIN,Widgie Nickel Limited,Materials
WKT,Walkabout Resources Ltd,Materials
WKTN,Walkabout Resources Ltd,Materials
WLD,Wellard Limited,"Food, Beverage & Tobacco"
WLE,Wam Leaders Limited,Not Applic
WLS,Wcm Global Long Short Limited,Not Applic
WMA,Wam Alternative Assets Limited,Not Applic
WMC,Wiluna Mining Corporation Limited.,Materials
WMG,Western Mines Group Ltd,Materials
WMI,Wam Microcap Limited,Not Applic
WML,Woomera Mining Limited,Materials
WMLN,Woomera Mining Limited,Materials
WNR,Wingara Ag Ltd,"Food, Beverage & Tobacco"
WNX,Wellnex Life Limited,"Food, Beverage & Tobacco"
WOA,Wide Open Agriculture Ltd,"Food, Beverage & Tobacco"
WOO,Wooboard Technologies Limited,Software & Services
WOR,Worley Limited,Energy
WOT,Wotso Property,Real Estate
WOW,Woolworths Group Limited,Food & Staples Retailing
WPR,Waypoint Reit,Real Estate
WQG,Wcm Global Growth Limited,Not Applic
WR1,Winsome Resources Limited,Materials
WRK,Wrkr Ltd,Software & Services
WRM,White Rock Minerals Limited,Materials
WSI,Weststar Industrial Limited,Materials
WSP,Whispir Limited,Software & Services
WSR,Westar Resources Limited,Materials
WTC,Wisetech Global Limited,Software & Services
WTL,Wt Financial Group Limited,Diversified Financials
WTN,Winton Land Limited,Real Estate
WWG,Wiseway Group Limited,Transportation
WWI,West Wits Mining Limited,Materials
WYX,Western Yilgarn Nl,Materials
WZR,Wisr Limited,Diversified Financials
X2M,X2M Connect Limited,Technology Hardware & Equipment
X64,Ten Sixty Four Limited,Materials
XAM,Xanadu Mines Ltd,Materials
XF1,Xref Limited,Software & Services
XPN,Xpon Technologies Group Limited,Software & Services
XRF,Xrf Scientific Limited,Capital Goods
XRG,Xreality Group Ltd,Consumer Services
XRO,Xero Limited,Software & Services
XST,Xstate Resources Limited,Energy
XTC,Xantippe Resources Limited,Materials
XTE,Xtek Limited.,Capital Goods
YAL,Yancoal Australia Limited,Energy
YBR,Yellow Brick Road Holdings Limited,Banks
YOJ,Yojee Limited,Software & Services
YOW,Yowie Group Ltd,"Food, Beverage & Tobacco"
YPB,Ypb Group Ltd,Commercial & Professional Services
YRL,Yandal Resources Limited,Materials
Z2U,Zoom2U Technologies Limited,Software & Services
ZAG,Zuleika Gold Limited,Materials
ZEO,Zeotech Limited,Materials
ZER,Zeta Resources Limited,Not Applic
ZEU,Zeus Resources Limited,Energy
ZGL,Zicom Group Limited,Capital Goods
ZIM,Zimplats Holdings Limited,Materials
ZIP,Zip Co Limited..,Diversified Financials
ZLD,Zelira Therapeutics Limited,"Pharmaceuticals, Biotechnology & Life Sciences"
ZMI,Zinc Of Ireland Nl,Materials
ZMM,Zimi Limited,Technology Hardware & Equipment
ZNC,Zenith Minerals Limited,Materials
ZNO,Zoono Group Limited,Materials
